build_id,timestamp,branch,build_type,files_changed,lines_added,lines_deleted,deps_changed,cpu_avg,cpu_max,memory_avg_mb,memory_max_mb,build_time_sec,status
build-001,2024-01-01T10:00:00,main,debug,5,100,20,0,25.5,35.2,1024,1536,120,SUCCESS
build-002,2024-01-01T11:00:00,feature/login,debug,12,350,50,0,35.2,48.5,2048,2560,180,SUCCESS
build-003,2024-01-01T12:00:00,main,release,25,800,200,1,55.8,72.3,4096,5120,360,SUCCESS
build-004,2024-01-01T14:00:00,feature/auth,debug,8,200,30,0,28.3,42.1,1536,2048,150,SUCCESS
build-005,2024-01-01T15:00:00,hotfix/bug,debug,3,50,10,0,18.2,25.6,768,1024,60,SUCCESS
build-006,2024-01-02T09:00:00,develop,debug,45,1200,300,2,68.5,85.2,6144,7680,480,SUCCESS
build-007,2024-01-02T10:00:00,main,release,50,1500,400,2,72.3,88.5,8192,10240,600,SUCCESS
build-008,2024-01-02T11:00:00,feature/api,debug,18,500,80,0,42.1,55.8,3072,3584,240,SUCCESS
build-009,2024-01-02T14:00:00,feature/db,debug,22,650,120,1,48.5,62.3,4608,5632,300,SUCCESS
build-010,2024-01-02T15:00:00,main,debug,15,400,60,0,38.2,52.1,2560,3072,210,SUCCESS
build-011,2024-01-03T09:00:00,feature/ui,debug,35,900,150,0,58.3,75.2,5120,6144,420,SUCCESS
build-012,2024-01-03T10:00:00,develop,release,60,1800,500,3,78.5,92.3,10240,12288,720,SUCCESS
build-013,2024-01-03T11:00:00,hotfix/critical,debug,2,30,5,0,15.2,22.1,512,768,45,SUCCESS
build-014,2024-01-03T14:00:00,feature/test,debug,28,750,180,0,52.3,68.5,4096,5120,330,SUCCESS
build-015,2024-01-03T15:00:00,main,debug,10,280,40,0,32.1,45.2,1792,2304,165,SUCCESS
build-016,2024-01-04T09:00:00,feature/perf,debug,40,1100,250,1,62.5,78.3,5632,6656,450,SUCCESS
build-017,2024-01-04T10:00:00,develop,debug,55,1400,350,2,70.2,85.8,7168,8704,540,SUCCESS
build-018,2024-01-04T11:00:00,main,release,70,2000,600,3,82.3,95.2,12288,14336,840,SUCCESS
build-019,2024-01-04T14:00:00,feature/security,debug,20,550,100,0,45.2,58.3,3584,4096,270,SUCCESS
build-020,2024-01-04T15:00:00,hotfix/minor,debug,4,80,15,0,20.5,28.3,896,1280,75,SUCCESS
build-021,2024-01-05T09:00:00,feature/docs,debug,8,150,25,0,22.3,32.5,1280,1792,105,SUCCESS
build-022,2024-01-05T10:00:00,develop,debug,32,850,200,1,55.2,72.1,4608,5632,360,SUCCESS
build-023,2024-01-05T11:00:00,main,debug,18,480,90,0,40.5,55.2,2816,3328,225,SUCCESS
build-024,2024-01-05T14:00:00,feature/mobile,debug,48,1250,320,2,65.8,82.3,6400,7680,510,SUCCESS
build-025,2024-01-05T15:00:00,main,release,45,1150,280,1,60.2,78.5,5888,7168,480,SUCCESS
build-026,2024-01-06T09:00:00,feature/cache,debug,15,380,70,0,35.8,48.2,2304,2816,195,SUCCESS
build-027,2024-01-06T10:00:00,develop,release,65,1700,450,2,75.3,90.2,9216,11264,660,SUCCESS
build-028,2024-01-06T11:00:00,hotfix/urgent,debug,6,120,20,0,25.2,35.8,1152,1536,90,SUCCESS
build-029,2024-01-06T14:00:00,feature/analytics,debug,25,680,140,1,50.3,65.2,4352,5120,315,SUCCESS
build-030,2024-01-06T15:00:00,main,debug,12,320,55,0,33.5,45.8,2048,2560,180,SUCCESS
build-031,2024-01-07T09:00:00,feature/search,debug,38,980,220,1,58.2,75.3,5376,6400,435,SUCCESS
build-032,2024-01-07T10:00:00,develop,debug,42,1080,260,1,62.3,78.5,5888,7168,465,SUCCESS
build-033,2024-01-07T11:00:00,main,release,55,1450,380,2,72.5,88.2,8448,10240,600,SUCCESS
build-034,2024-01-07T14:00:00,feature/notification,debug,16,420,75,0,38.5,52.3,2560,3072,210,SUCCESS
build-035,2024-01-07T15:00:00,hotfix/fix,debug,5,90,18,0,22.3,30.5,1024,1280,75,SUCCESS
build-036,2024-01-08T09:00:00,feature/payment,debug,52,1350,340,2,68.2,85.3,6912,8192,540,SUCCESS
build-037,2024-01-08T10:00:00,develop,release,75,2100,580,3,80.5,94.2,11520,13824,780,SUCCESS
build-038,2024-01-08T11:00:00,main,debug,20,520,95,0,42.5,58.2,3328,3840,255,SUCCESS
build-039,2024-01-08T14:00:00,feature/report,debug,30,780,180,1,52.8,68.3,4864,5888,375,SUCCESS
build-040,2024-01-08T15:00:00,feature/export,debug,14,360,65,0,35.2,48.5,2176,2688,180,SUCCESS
build-041,2024-01-09T09:00:00,develop,debug,48,1200,300,2,65.3,82.5,6144,7424,495,SUCCESS
build-042,2024-01-09T10:00:00,main,release,62,1650,440,2,75.2,90.5,9472,11520,660,SUCCESS
build-043,2024-01-09T11:00:00,feature/import,debug,22,580,110,0,45.5,60.2,3584,4352,285,SUCCESS
build-044,2024-01-09T14:00:00,hotfix/patch,debug,7,140,25,0,28.3,38.5,1408,1792,105,SUCCESS
build-045,2024-01-09T15:00:00,feature/dashboard,debug,35,920,210,1,58.5,75.8,5248,6400,420,SUCCESS
build-046,2024-01-10T09:00:00,develop,debug,58,1520,400,2,70.5,88.2,7680,9216,570,SUCCESS
build-047,2024-01-10T10:00:00,main,debug,25,660,130,0,48.2,62.5,3840,4608,300,SUCCESS
build-048,2024-01-10T11:00:00,feature/settings,debug,18,470,85,0,40.2,55.3,2816,3328,225,SUCCESS
build-049,2024-01-10T14:00:00,main,release,68,1850,520,3,78.3,92.5,10752,12800,720,SUCCESS
build-050,2024-01-10T15:00:00,feature/profile,debug,28,740,160,1,52.3,68.2,4352,5376,330,SUCCESS
build-051,2024-01-11T09:00:00,develop,release,80,2200,620,3,82.5,96.3,12544,14848,840,SUCCESS
build-052,2024-01-11T10:00:00,feature/messaging,debug,42,1100,270,1,62.5,78.8,5888,7168,465,SUCCESS
build-053,2024-01-11T11:00:00,main,debug,15,400,70,0,36.2,50.3,2432,2944,195,SUCCESS
build-054,2024-01-11T14:00:00,hotfix/security,debug,8,180,30,0,30.2,42.5,1664,2048,135,SUCCESS
build-055,2024-01-11T15:00:00,feature/admin,debug,32,840,190,1,55.8,72.3,4864,5888,375,SUCCESS
build-056,2024-01-12T09:00:00,develop,debug,50,1300,330,2,66.5,83.2,6656,8192,525,SUCCESS
build-057,2024-01-12T10:00:00,main,release,58,1550,420,2,73.2,89.5,8960,10752,630,SUCCESS
build-058,2024-01-12T11:00:00,feature/logs,debug,12,300,50,0,32.5,45.2,1920,2432,165,SUCCESS
build-059,2024-01-12T14:00:00,feature/metrics,debug,26,700,150,1,50.5,65.8,4096,5120,315,SUCCESS
build-060,2024-01-12T15:00:00,main,debug,10,260,45,0,30.3,42.8,1792,2176,150,SUCCESS