project_type,repo_size_mb,is_monorepo,branch_type,build_type,environment,files_changed,lines_added,lines_deleted,source_files_pct,deps_file_changed,dependency_count,test_files_changed,stages_count,has_build_stage,has_unit_tests,has_integration_tests,has_e2e_tests,has_deploy_stage,has_docker_build,uses_emulator,parallel_stages,has_artifact_publish,is_first_build,cache_available,is_clean_build,time_of_day_hour,cpu_avg_pct,memory_gb,build_time_min
1,527.5,1,4,1,1,35,869,163,0.77,0,56,13,3,1,1,0,0,1,0,0,1,1,0,1,1,8,76.2,6.52,61.0
0,486.8,0,0,0,2,7,394,83,0.79,0,46,1,2,1,1,0,0,0,0,0,1,0,0,1,0,14,58.1,1.53,10.1
0,195.9,0,4,1,2,37,740,167,0.79,0,62,10,4,1,1,1,0,1,0,0,1,0,0,1,1,8,61.5,3.24,50.9
0,54.5,1,0,0,1,1,92,41,0.84,0,45,0,2,1,1,0,0,0,1,0,2,0,0,0,0,9,54.7,5.16,91.2
2,411.1,0,0,0,0,20,250,30,0.9,0,112,5,3,1,1,1,0,0,0,0,2,0,1,0,0,11,66.6,2.55,54.9
3,2100.6,0,0,0,1,1,95,33,0.6,0,243,0,3,1,1,0,1,0,0,1,1,0,0,1,0,4,79.8,10.57,105.2
2,202.0,0,0,0,0,22,824,366,0.61,1,145,6,3,1,1,1,0,0,0,0,1,0,0,0,0,20,48.7,2.84,44.5
4,4848.1,0,0,0,0,5,89,34,0.57,0,128,1,5,1,1,1,1,1,0,1,2,1,0,0,0,11,93.5,18.51,107.8
0,258.8,0,1,1,0,14,690,266,0.61,0,55,3,3,1,1,1,0,0,0,0,1,1,0,1,0,9,76.3,2.95,13.4
3,484.1,0,0,0,1,2,38,5,0.55,0,172,0,4,1,1,1,1,0,0,1,1,0,0,1,0,8,79.1,15.74,117.7
5,367.7,0,2,1,2,58,315,100,0.88,0,47,10,4,1,1,1,0,1,0,1,2,1,0,1,1,13,100.0,10.07,206.7
5,2784.7,1,0,0,0,1,53,23,0.89,0,71,0,3,1,1,0,1,0,0,0,2,0,0,0,0,10,77.6,14.59,163.0
1,1300.9,0,0,0,2,33,246,62,0.76,0,90,4,3,1,0,1,0,1,0,0,1,1,0,1,0,9,76.2,7.7,31.2
2,534.7,0,0,1,2,48,929,157,0.76,0,180,11,2,1,1,0,0,0,0,0,2,1,0,1,0,22,66.1,2.03,10.1
3,2883.5,0,0,0,0,2,65,22,0.85,0,246,0,3,1,1,1,0,0,1,0,1,0,0,1,0,14,71.5,10.31,39.0
3,2357.4,1,2,1,0,57,1264,538,0.9,0,248,16,4,1,1,0,1,1,0,0,1,1,0,1,0,7,100.0,12.54,133.4
4,1249.0,0,2,1,0,4,54,24,0.76,0,121,1,5,1,1,1,1,1,0,1,1,1,0,1,0,9,100.0,16.56,136.9
1,1002.0,0,2,1,1,43,65,8,0.69,0,64,9,4,1,1,1,0,1,0,0,2,0,0,1,0,11,84.7,5.31,41.9
0,419.1,0,2,1,1,2,65,23,0.75,0,55,0,4,1,1,1,0,1,1,0,1,0,0,1,1,14,86.3,4.14,86.1
2,727.3,0,1,0,0,3,360,112,0.8,1,163,0,2,1,0,1,0,0,1,0,1,0,0,1,0,7,59.7,3.26,13.7
0,223.4,0,2,1,0,18,466,92,0.71,0,46,2,4,1,1,1,0,1,0,0,2,0,0,1,1,17,58.7,5.16,42.9
0,103.6,0,1,0,1,5,52,15,0.74,0,57,1,2,1,1,0,0,0,0,0,1,0,0,1,0,6,38.1,2.41,5.8
1,1536.3,1,0,0,2,5,21,4,0.94,0,89,0,3,1,1,1,0,0,0,0,1,0,0,1,0,13,74.7,9.27,70.3
4,2440.9,0,3,0,0,80,472,193,0.67,0,87,26,4,1,1,1,0,1,0,1,1,1,0,1,0,12,90.2,17.15,49.4
4,497.8,0,3,0,0,34,1623,675,0.77,0,81,6,4,1,1,1,1,0,0,1,1,0,0,1,0,8,82.7,14.7,76.2
1,1657.3,0,3,0,2,3,8,1,0.93,0,83,1,3,1,1,1,0,0,1,0,2,0,0,1,0,11,80.2,8.0,29.1
1,1836.3,1,0,0,0,53,1136,130,0.54,0,61,20,3,1,1,0,0,1,1,0,1,0,0,1,0,18,79.7,9.24,25.9
1,1269.5,0,1,0,1,15,242,68,0.55,0,79,5,3,1,1,1,0,0,0,0,1,0,0,1,1,21,75.0,6.79,109.7
5,2650.0,0,0,0,0,56,314,87,0.72,0,69,14,2,1,1,0,0,0,0,0,1,0,0,1,0,9,81.1,11.53,49.3
0,31.4,0,2,1,1,7,455,63,0.91,1,39,2,3,1,1,0,0,1,0,0,1,1,1,0,0,9,37.1,3.28,54.5
4,4448.4,0,0,0,0,57,350,132,0.91,1,117,13,3,1,1,0,1,0,0,1,1,0,0,1,0,22,82.6,16.5,95.5
0,48.7,0,2,1,1,5,25,3,0.93,0,43,2,4,1,1,1,0,1,1,0,2,1,0,0,0,14,73.3,5.07,94.0
1,92.8,0,2,1,1,3,33,11,0.78,0,90,1,4,1,1,1,0,1,0,0,3,1,0,0,0,6,90.7,7.35,120.8
4,2136.0,1,0,0,0,60,1982,257,0.84,0,110,21,3,1,1,0,1,0,0,1,2,0,0,1,0,13,95.2,20.43,122.8
3,860.3,0,0,0,1,39,1339,352,0.56,0,176,11,2,1,1,0,0,0,0,0,1,0,0,1,1,13,89.8,6.4,36.6
0,443.9,0,2,1,0,35,665,161,0.68,1,38,14,3,1,1,0,0,1,1,0,1,1,0,0,1,7,88.4,4.91,103.3
1,471.1,0,0,0,2,3,35,11,0.51,0,62,0,4,1,1,1,0,1,0,0,1,0,0,1,0,9,61.9,4.45,30.7
3,225.8,0,3,0,1,11,669,229,0.53,0,215,0,1,1,0,0,0,0,1,1,2,0,0,1,0,9,81.5,14.39,74.8
0,353.9,0,3,1,2,3,52,25,0.81,0,37,0,3,1,1,0,0,1,0,0,1,0,0,1,0,10,60.2,1.86,9.5
1,1356.5,0,2,1,2,15,231,55,0.75,1,69,3,3,1,1,0,0,1,0,0,2,1,0,1,1,14,84.5,5.01,72.9
2,225.9,0,0,1,0,3,97,22,0.92,0,184,0,4,1,0,1,1,1,0,0,1,1,0,1,0,13,70.4,7.02,23.8
0,261.0,0,0,0,1,2,37,7,0.55,0,47,0,2,1,1,0,0,0,1,0,1,0,1,0,0,8,56.9,5.74,63.5
2,464.8,0,2,1,1,4,80,20,0.54,0,172,0,5,1,1,1,1,1,1,0,3,1,0,1,0,14,71.2,7.12,54.2
0,326.3,0,0,0,1,40,335,149,0.78,1,37,11,4,1,1,1,0,1,0,0,2,0,0,1,0,15,49.6,2.91,9.0
3,265.0,0,2,1,0,74,1344,235,0.77,0,254,21,3,1,1,0,0,1,0,1,2,1,0,1,1,9,100.0,19.2,231.7
0,210.3,0,4,1,0,22,88,29,0.56,0,64,7,3,1,1,0,0,1,1,0,2,1,0,1,0,13,78.0,4.18,38.8
3,2138.2,0,1,1,1,2,24,3,0.88,1,232,0,2,1,0,0,1,0,0,1,1,1,0,0,0,8,100.0,16.68,111.7
3,580.1,0,0,0,0,25,763,283,0.76,0,232,9,3,1,1,0,1,0,0,0,2,0,0,1,0,8,80.5,12.02,39.3
5,1493.7,0,4,1,2,15,933,423,0.92,0,56,3,4,1,1,0,1,1,0,1,1,1,0,1,0,1,82.8,11.86,65.8
5,2506.3,0,1,0,2,3,20,2,0.69,0,58,0,3,1,1,0,0,1,0,1,1,0,0,1,0,15,72.9,11.34,15.6
1,53.1,0,1,0,2,17,43,10,0.53,0,87,3,3,1,1,1,0,0,1,0,1,0,0,1,0,8,82.7,6.33,22.0
2,509.1,0,4,1,1,31,264,30,0.79,0,182,5,3,1,1,0,0,1,1,0,1,0,0,1,0,6,61.2,3.97,24.3
2,402.0,0,4,1,0,3,44,12,0.82,1,144,0,4,1,1,1,0,1,0,0,3,0,0,1,1,16,91.0,4.87,42.3
3,1587.9,0,2,1,1,78,324,120,0.93,0,231,25,4,1,1,1,0,1,0,1,1,1,0,1,0,9,95.4,14.24,137.4
4,1375.4,0,3,0,2,41,1377,329,0.53,0,123,16,2,1,0,1,0,0,0,0,2,0,0,1,0,11,90.0,10.27,33.6
2,635.7,0,2,1,1,34,425,173,0.87,1,192,11,4,1,1,1,0,1,0,0,1,1,0,1,0,15,73.4,3.35,15.9
4,2219.8,0,0,0,0,5,40,6,0.64,0,100,1,5,1,1,1,1,1,0,0,1,0,0,1,1,12,86.4,22.53,176.5
0,49.8,0,1,0,1,26,309,86,0.81,1,47,7,3,1,1,1,0,0,0,0,1,0,0,1,0,13,45.0,3.02,23.9
0,191.6,0,0,1,2,37,743,167,0.84,0,50,11,3,1,1,0,0,1,1,0,2,0,0,0,0,7,58.3,3.93,94.1
2,235.7,1,2,1,0,5,62,25,0.63,0,166,0,5,1,1,1,1,1,0,0,1,1,0,1,0,6,80.3,10.92,74.7
0,29.1,0,1,1,1,5,73,21,0.75,0,35,1,2,1,1,0,0,0,1,0,1,1,0,1,0,14,71.9,3.33,24.9
5,2904.5,0,1,0,0,8,400,43,0.64,1,66,2,2,1,1,0,0,0,0,0,2,0,0,1,1,9,90.9,11.53,101.8
1,784.8,0,0,0,0,15,619,252,0.82,0,79,4,3,1,1,1,0,0,0,0,1,0,0,1,0,15,88.0,6.24,40.3
3,2942.5,0,1,0,0,5,94,19,0.55,0,168,0,3,1,0,0,1,1,0,1,2,0,0,1,0,9,93.1,10.41,58.1
2,89.4,0,2,1,1,50,96,34,0.6,0,181,8,3,1,1,0,0,1,0,0,2,1,0,0,0,19,51.3,3.8,56.1
3,2642.6,1,2,1,1,1,47,7,0.71,0,162,0,4,1,1,1,0,1,0,0,3,1,0,1,0,9,100.0,13.14,120.3
1,410.3,0,2,1,0,4,252,72,0.57,0,100,1,4,1,1,1,0,1,1,0,2,1,0,1,0,4,92.8,7.08,76.8
0,232.9,0,3,0,1,34,725,177,0.91,1,59,14,2,1,1,0,0,0,0,0,1,0,0,1,0,6,46.1,1.4,4.8
2,470.7,0,1,0,0,1,100,18,0.53,0,168,0,2,1,1,0,0,0,0,0,2,0,0,1,1,10,35.3,3.27,23.0
2,305.8,0,2,1,0,9,750,368,0.88,0,193,2,3,1,1,0,0,1,1,0,3,1,0,1,0,13,66.4,4.16,14.6
2,531.6,0,3,1,1,49,889,364,0.56,0,126,0,3,1,0,0,1,1,0,0,1,1,1,0,0,5,85.6,9.78,112.7
2,477.4,0,0,0,1,49,555,160,0.88,0,168,19,3,1,1,0,0,1,0,0,2,0,0,1,0,12,49.7,3.79,9.8
1,446.5,0,2,1,0,38,1154,215,0.59,0,70,16,4,1,1,0,1,1,0,0,2,1,0,1,1,18,70.5,4.27,81.3
1,1562.3,0,4,1,2,3,57,6,0.89,0,56,0,4,1,1,1,0,1,0,0,1,0,0,1,0,5,93.8,6.34,34.4
0,472.3,0,0,0,0,35,662,319,0.74,0,37,13,2,1,1,0,0,0,0,0,1,0,0,1,0,5,30.2,1.1,4.5
1,939.2,1,3,0,0,3,7,2,0.81,0,101,0,2,1,1,0,0,0,1,0,2,0,1,0,0,9,70.7,13.4,75.2
0,157.0,0,2,1,1,4,60,21,0.65,0,64,1,3,1,1,0,0,1,1,0,2,1,1,0,1,14,72.0,8.34,266.9
4,1115.1,1,0,1,0,89,1493,196,0.84,0,75,19,3,1,1,0,0,1,0,1,2,1,0,1,0,15,100.0,17.96,181.0
5,1352.4,0,1,0,0,24,228,31,0.92,0,69,4,3,1,1,1,0,0,0,1,1,0,0,1,0,10,72.9,6.7,52.0
5,1831.1,0,3,0,0,3,39,11,0.53,0,57,0,2,1,0,1,0,0,0,0,1,0,0,1,0,14,67.6,6.62,29.2
0,159.3,0,4,1,1,4,45,9,0.81,0,52,0,3,1,1,0,0,1,1,0,3,1,0,0,1,9,94.2,4.77,113.5
4,1127.3,0,1,0,0,10,929,461,0.72,0,100,4,3,1,1,1,0,0,0,1,1,0,0,1,0,6,89.8,20.3,102.3
1,1549.5,0,4,1,2,2,70,27,0.75,0,66,0,5,1,1,1,1,1,0,0,2,0,0,1,1,13,100.0,7.02,93.4
1,1473.8,0,0,0,0,3,87,12,0.86,0,91,0,2,1,1,0,0,0,1,0,2,0,0,1,0,14,64.9,6.21,27.8
3,640.5,0,2,1,0,1,73,12,0.65,0,171,0,3,1,1,0,0,1,0,1,1,1,0,1,0,5,98.4,16.9,108.6
2,542.1,0,1,0,2,4,59,10,0.79,0,163,0,1,1,0,0,0,0,1,0,1,0,0,1,0,7,61.6,5.0,9.9
0,434.1,0,2,1,1,1,33,7,0.62,0,40,0,4,1,1,1,0,1,0,0,2,1,0,1,0,6,75.9,3.37,32.5
3,1163.9,0,0,0,2,1,61,27,0.55,0,165,0,2,1,1,0,0,0,1,0,1,0,0,0,0,6,75.7,8.69,81.6
0,289.3,0,4,1,0,4,288,128,0.56,0,42,1,4,1,1,1,0,1,1,0,3,0,0,1,0,15,83.8,5.49,45.3
5,1937.5,0,4,1,1,47,948,335,0.81,0,70,12,5,1,1,1,1,1,0,1,2,1,1,0,0,6,100.0,21.38,307.6
3,1915.9,0,2,1,0,3,16,5,0.61,0,248,0,4,1,1,0,1,1,0,0,2,1,0,1,0,7,93.6,11.17,106.1
2,547.2,1,0,0,0,20,145,36,0.87,0,162,7,2,1,1,0,0,0,1,0,2,0,0,1,0,7,61.9,2.66,18.4
0,311.9,0,2,1,1,5,81,27,0.77,0,55,2,3,1,1,0,0,1,1,0,2,0,0,1,0,20,67.9,4.98,28.8
1,1911.6,0,0,0,2,44,363,147,0.93,0,56,7,3,1,1,1,0,0,0,0,1,0,0,0,0,20,61.2,5.05,43.0
0,323.9,0,4,1,0,5,322,122,0.83,0,36,0,5,1,1,1,1,1,0,0,1,1,0,1,0,12,64.2,3.3,26.8
5,2134.3,1,0,0,1,4,39,12,0.62,0,64,0,1,1,0,0,0,0,0,1,1,0,0,1,0,12,65.3,8.02,19.1
2,190.4,0,2,1,0,42,434,82,0.61,0,133,16,4,1,1,0,1,1,0,0,1,1,0,1,0,12,72.4,6.29,33.0
4,2379.0,0,0,1,0,100,410,161,0.75,0,79,42,4,1,1,1,0,1,0,1,1,1,0,1,0,16,100.0,13.55,127.6
2,92.1,0,2,1,0,30,770,103,0.54,1,178,5,5,1,1,1,1,1,0,0,1,1,0,1,0,11,81.5,6.27,53.6
1,1416.4,0,2,1,0,3,31,8,0.71,0,60,1,5,1,1,1,1,1,1,0,3,1,0,1,0,22,93.3,5.22,63.7
3,1131.7,0,1,0,0,2,21,3,0.68,0,252,0,4,1,1,1,0,1,0,1,1,1,0,1,0,13,93.3,14.69,45.8
0,70.0,0,4,1,2,2,9,3,0.78,0,49,0,3,1,1,0,0,1,0,0,2,1,0,1,1,14,41.3,2.28,21.3
2,791.6,0,1,0,2,3,12,5,0.71,0,157,0,2,1,1,0,0,0,0,0,1,0,1,0,0,4,38.7,2.38,61.3
0,468.3,0,1,0,2,4,74,16,0.72,1,41,0,3,1,1,1,0,0,0,0,1,0,0,1,0,7,40.0,3.58,25.0
2,643.9,0,1,0,2,3,46,7,0.57,0,176,1,4,1,1,1,0,1,1,0,1,0,0,0,0,15,50.2,3.95,71.0
2,308.9,0,1,0,0,41,584,82,0.72,0,112,10,4,1,1,1,1,0,0,0,1,0,0,1,0,16,75.9,5.28,39.1
4,1399.5,1,4,1,2,13,1707,498,0.89,0,111,2,5,1,1,1,1,1,1,1,2,0,0,1,0,14,100.0,17.85,156.5
5,2957.3,0,3,0,0,47,1116,230,0.63,0,43,15,2,1,1,0,0,0,0,1,1,0,0,1,0,7,59.6,10.88,27.6
5,679.1,1,2,1,0,24,791,195,0.7,0,58,5,5,1,1,1,1,1,0,1,2,1,0,1,0,13,90.3,12.03,244.0
1,866.3,0,0,0,1,40,311,46,0.84,1,103,17,3,1,1,1,0,0,1,0,1,0,0,0,0,14,63.8,7.23,72.0
2,584.4,0,3,0,1,27,158,25,0.76,0,189,11,2,1,1,0,0,0,0,0,1,0,0,1,0,16,33.5,2.91,5.0
1,996.9,0,0,0,0,3,7,1,0.86,0,96,1,4,1,1,1,1,0,0,0,1,0,0,1,0,13,89.2,6.74,23.0
3,1308.6,0,0,0,0,18,1083,489,0.51,1,239,7,3,1,1,1,0,0,0,0,1,0,0,1,0,10,73.7,7.5,63.6
2,323.6,0,1,0,0,6,296,32,0.52,0,175,1,3,1,1,1,0,0,0,0,1,0,0,1,0,10,47.9,2.66,8.1
2,384.5,0,2,1,0,44,538,231,0.68,1,151,15,4,1,1,0,1,1,0,0,2,1,0,1,0,16,79.8,7.37,36.6
5,1957.7,0,0,0,2,47,62,22,0.95,0,57,12,3,1,1,0,0,1,0,0,1,0,0,1,0,9,76.2,5.25,35.0
2,410.8,0,4,1,0,42,96,18,0.6,0,142,17,4,1,1,0,1,1,1,0,2,1,0,0,0,13,85.8,5.49,61.6
0,435.1,0,0,0,0,2,45,15,0.5,0,57,0,4,1,1,1,0,1,1,0,2,1,0,1,0,7,64.7,5.29,34.1
0,207.7,0,2,1,0,15,715,322,0.64,1,50,3,4,1,1,1,0,1,0,0,2,0,0,1,1,16,52.6,2.53,72.8
2,796.9,0,2,1,0,3,96,34,0.52,0,128,0,4,1,1,1,0,1,0,0,1,1,0,1,0,4,86.0,2.15,22.3
0,278.2,0,0,0,0,33,741,257,0.63,0,49,10,2,1,1,0,0,0,0,0,1,0,0,1,0,7,54.9,2.56,13.7
2,729.2,0,0,0,0,3,87,16,0.94,0,146,0,5,1,1,1,1,1,1,0,2,1,0,1,0,14,61.0,4.7,25.2
0,56.5,0,2,1,1,1,56,14,0.71,0,55,0,3,1,1,0,0,1,1,0,2,0,0,1,0,16,72.1,4.43,36.2
5,2742.6,0,0,1,0,3,6,2,0.81,0,62,0,2,1,1,0,0,0,0,0,1,1,0,0,0,14,86.4,13.6,81.4
0,421.1,0,0,0,0,2,75,26,0.68,0,48,0,3,1,0,1,0,1,0,0,1,1,0,1,0,13,70.0,3.34,13.6
1,836.7,1,1,1,1,55,940,218,0.85,0,90,14,2,1,1,0,0,0,0,0,1,1,0,1,0,9,60.9,5.26,38.5
3,576.1,1,3,1,1,6,1306,568,0.76,0,194,2,3,1,1,0,1,0,0,0,2,1,0,1,0,7,98.9,17.44,128.7
1,388.6,0,1,0,0,9,292,77,0.82,0,70,3,2,1,1,0,0,0,0,0,1,0,0,0,0,10,71.4,5.58,44.9
0,358.1,0,0,1,0,1,540,76,0.67,1,36,0,2,1,1,0,0,0,0,0,2,1,0,1,0,7,61.6,1.53,20.8
4,1099.6,0,2,1,1,37,1429,522,0.92,0,127,16,5,1,1,1,1,1,0,1,1,1,0,1,0,11,100.0,15.75,71.4
0,357.7,0,1,0,1,28,290,93,0.56,0,42,6,2,1,1,0,0,0,1,0,1,0,0,1,0,11,54.6,5.13,12.9
0,334.3,0,0,0,0,23,231,104,0.8,0,43,10,3,1,1,1,0,0,1,0,1,0,0,1,0,12,64.2,4.85,27.7
1,1813.8,0,4,1,1,24,1063,447,0.7,1,99,4,3,1,1,0,0,1,1,0,1,1,0,1,0,6,96.0,6.06,31.8
0,389.1,0,0,0,0,1,14,1,0.86,0,52,0,3,1,1,1,0,0,0,0,1,0,0,1,0,9,49.1,2.68,15.2
0,272.1,0,3,0,0,4,53,13,0.8,0,51,0,2,1,1,0,0,0,1,0,1,0,0,1,0,10,73.9,4.17,20.4
5,1979.0,0,0,0,0,42,1059,166,0.58,0,51,7,4,1,1,0,1,1,0,1,1,1,0,0,0,16,84.2,14.71,74.9
4,1328.4,1,0,0,0,40,1430,477,0.75,0,88,11,3,1,1,0,1,0,0,1,1,0,0,1,0,17,84.4,14.84,108.6
2,703.5,0,2,1,0,5,749,97,0.51,0,107,1,4,1,1,1,0,1,1,0,2,0,0,1,0,8,72.1,3.22,40.5
1,339.8,0,1,0,1,11,1062,165,0.57,0,83,4,3,1,1,0,0,1,0,0,1,0,0,1,0,7,72.0,3.44,26.4
2,194.9,0,0,0,1,3,79,25,0.58,0,137,1,2,1,1,0,0,0,0,0,1,0,0,0,0,11,48.1,3.59,46.3
2,487.3,0,0,0,0,22,742,107,0.8,0,158,7,4,1,1,1,1,0,1,0,1,0,0,1,0,5,66.1,5.64,19.5
5,525.9,0,0,0,2,31,359,67,0.68,1,62,0,1,1,0,0,0,0,0,0,1,0,0,1,0,13,68.7,8.6,20.2
3,1829.9,1,2,1,0,69,1040,416,0.54,0,248,21,5,1,1,1,1,1,0,0,2,0,0,1,0,10,100.0,13.25,179.2
5,2250.0,0,3,0,2,1,78,24,0.73,0,49,0,4,1,1,1,1,0,0,0,1,0,0,1,0,14,80.2,16.04,39.3
5,1160.4,0,0,0,0,48,292,129,0.8,0,58,17,2,1,1,0,0,0,0,1,2,0,0,1,0,12,61.4,6.13,29.0
4,887.6,0,0,0,1,52,1267,459,0.63,0,73,19,4,1,1,1,1,0,0,1,1,0,0,1,0,8,88.9,14.1,46.3
0,394.1,0,3,0,1,38,210,64,0.83,1,37,8,2,1,1,0,0,0,0,0,1,0,0,1,0,10,57.5,2.66,6.8
4,4655.6,0,1,0,2,73,1000,407,0.84,0,97,21,5,1,1,1,1,1,0,0,1,0,0,1,0,10,75.6,15.87,42.8
2,191.6,0,0,0,1,23,228,104,0.62,0,166,0,2,1,0,0,1,0,1,0,1,0,1,0,0,9,72.5,8.71,65.7
4,687.4,1,1,0,1,36,1015,175,0.84,0,93,0,2,1,0,0,1,0,0,0,1,0,0,1,0,13,77.9,24.19,73.8
0,352.1,0,4,1,1,22,379,65,0.69,0,57,5,4,1,1,1,0,1,0,0,3,0,0,1,0,7,64.1,3.2,29.6
3,2431.9,0,2,1,1,41,1006,221,0.75,0,187,14,4,1,1,1,0,1,0,1,1,1,0,0,0,15,100.0,10.7,230.8
0,69.4,0,0,1,0,5,41,11,0.93,0,54,2,2,1,0,1,0,0,1,0,1,1,0,1,0,3,78.6,4.27,31.9
2,525.9,0,2,1,2,2,89,17,0.83,0,123,0,4,1,1,1,0,1,0,0,3,1,0,1,0,15,83.7,2.29,15.9
0,312.9,0,3,1,0,35,283,90,0.56,0,51,11,2,1,0,1,0,0,0,0,1,1,0,0,0,15,76.1,3.37,59.3
0,160.9,0,0,1,1,19,616,118,0.5,0,47,6,3,1,1,1,0,0,1,0,1,1,0,1,0,13,63.1,4.18,47.1
3,1598.2,0,1,0,0,80,937,195,0.78,1,142,13,3,1,1,0,1,0,0,1,1,0,0,1,0,8,78.7,14.28,50.0
4,1240.8,1,2,1,0,19,124,25,0.68,0,80,7,5,1,1,1,1,1,0,0,2,1,1,0,1,18,100.0,19.19,1065.2
0,468.7,0,2,1,1,4,46,4,0.86,0,46,0,3,1,1,0,0,1,1,0,2,1,0,0,1,1,85.3,6.64,126.0
4,3258.4,0,4,1,1,18,523,240,0.72,0,87,6,5,1,1,1,1,1,0,0,2,0,0,1,0,17,91.2,13.86,90.6
3,957.5,0,0,0,1,69,803,141,0.81,0,158,16,3,1,1,1,0,0,0,1,1,0,0,1,0,11,81.4,13.28,47.5
3,686.0,0,4,1,2,27,1352,400,0.9,1,236,4,3,1,1,0,0,1,0,1,3,1,0,1,1,7,100.0,16.94,151.7
5,381.6,0,3,0,0,28,223,37,0.58,0,54,5,4,1,1,1,0,1,0,1,2,0,0,1,0,16,73.3,13.99,40.3
2,335.8,0,2,1,0,47,40,19,0.77,0,194,11,5,1,1,1,1,1,0,0,3,0,0,0,0,10,75.4,5.2,127.3
4,858.1,1,0,0,0,3,66,11,0.87,0,104,1,4,1,1,1,1,0,0,0,1,0,0,1,0,12,81.9,17.92,130.4
4,4352.4,0,0,0,0,20,113,41,0.95,0,115,6,3,1,1,0,0,1,0,1,1,0,0,1,0,11,87.8,13.08,84.3
0,34.2,0,1,0,0,16,78,16,0.69,0,52,2,3,1,1,0,0,1,1,0,2,1,0,1,0,11,61.0,4.24,13.6
1,1251.6,0,4,1,0,5,23,10,0.87,1,89,0,5,1,1,1,1,1,0,0,2,1,0,1,0,13,69.8,5.8,32.6
0,315.3,0,2,1,0,1,13,3,0.62,0,54,0,3,1,1,0,0,1,0,0,2,1,0,1,0,7,35.2,2.73,18.7
1,665.1,0,0,1,2,3,50,17,0.61,0,80,1,3,1,1,1,0,0,0,0,1,0,0,1,0,13,99.3,6.5,71.3
0,84.3,0,2,1,0,29,560,85,0.79,0,55,6,4,1,1,1,0,1,0,0,1,1,0,1,0,8,73.7,2.41,38.7
0,286.8,0,0,0,0,18,160,65,0.55,1,57,6,3,1,1,0,0,1,0,0,1,0,0,1,0,5,47.0,1.53,5.5
3,2361.5,1,1,1,1,3,57,10,0.8,0,164,0,2,1,0,0,0,1,0,1,1,1,1,0,0,10,100.0,17.86,559.9
2,433.6,0,0,0,0,34,788,277,0.52,0,140,8,4,1,1,1,1,0,0,0,1,0,0,1,0,18,71.5,7.31,25.6
1,1309.9,1,0,0,1,13,941,128,0.65,0,90,2,3,1,1,1,0,0,0,0,1,0,0,1,0,2,62.7,7.8,62.8
0,195.6,0,2,1,1,29,300,105,0.55,1,41,9,3,1,1,0,0,1,0,0,1,1,0,1,0,8,50.3,1.51,18.2
0,298.5,0,2,1,0,3,9,1,0.51,0,53,0,4,1,1,1,0,1,1,0,3,1,0,1,1,15,67.4,3.68,102.8
0,483.5,0,2,1,0,3,47,14,0.74,0,53,0,4,1,1,1,0,1,1,0,1,0,0,1,0,9,79.2,5.19,59.4
3,2558.6,0,3,0,2,25,13,1,0.71,0,228,5,2,1,1,0,0,0,0,0,2,0,0,1,0,13,67.4,8.08,16.3
0,348.1,0,0,0,2,3,48,22,0.72,0,36,0,3,1,1,1,0,0,1,0,2,0,0,1,1,6,70.2,3.97,89.3
0,365.2,0,0,0,0,11,589,201,0.58,1,58,2,3,1,1,1,0,0,0,0,1,0,0,1,0,11,64.8,4.57,13.0
4,1582.9,0,3,0,0,40,1598,369,0.85,1,128,12,5,1,1,1,1,1,1,1,2,0,0,1,0,10,83.7,23.91,49.3
2,44.8,0,0,0,1,3,73,16,0.7,1,118,0,3,1,0,1,0,1,0,0,1,0,0,0,0,12,61.8,2.05,18.8
1,527.4,1,0,0,2,41,923,319,0.64,0,90,14,4,1,1,1,0,1,0,0,1,1,0,1,0,7,89.2,6.99,61.3
4,1620.9,0,1,1,2,59,1008,113,0.71,0,97,11,3,1,1,0,0,1,0,1,1,1,0,1,0,11,100.0,21.22,79.1
0,206.4,0,0,0,1,16,182,66,0.54,0,52,4,2,1,1,0,0,0,1,0,2,0,0,1,0,9,63.9,4.78,20.5
0,63.3,0,3,1,2,29,205,37,0.89,0,58,10,3,1,1,1,0,0,1,0,1,0,0,1,0,8,89.8,5.76,51.3
1,298.7,0,0,0,2,21,793,208,0.7,0,64,4,4,1,1,1,1,0,0,0,1,0,0,1,0,12,85.3,6.22,27.6
1,311.8,0,2,1,1,60,881,307,0.7,0,95,15,3,1,1,0,0,1,0,0,1,1,0,0,0,8,72.2,3.68,55.6
0,28.6,0,0,1,2,4,85,33,0.93,1,54,1,3,1,1,0,0,1,0,0,1,1,1,0,0,13,36.3,1.94,121.5
2,238.5,1,2,1,0,2,298,87,0.56,1,175,0,3,1,1,0,0,1,0,0,2,1,0,1,0,10,45.6,3.89,12.4
1,559.4,0,1,0,0,43,911,355,0.58,0,96,7,2,1,1,0,0,0,1,0,1,0,0,1,0,14,79.6,5.06,16.6
0,196.1,0,2,1,0,5,86,20,0.88,0,54,1,4,1,1,1,0,1,1,0,2,1,0,1,0,9,85.2,3.81,26.6
1,1063.9,0,2,1,0,2,9,0,0.54,0,87,0,5,1,1,1,1,1,1,0,2,1,0,1,1,11,100.0,9.25,113.2
3,834.7,0,4,1,1,8,538,259,0.62,0,199,3,3,1,1,0,0,1,0,1,2,1,0,1,1,3,99.4,17.51,170.3
1,1164.1,0,2,1,0,50,1014,295,0.68,0,94,8,4,1,1,0,1,1,0,0,2,1,0,0,0,13,70.8,3.68,52.2
1,1282.9,0,2,1,0,4,18,6,0.66,1,86,1,4,1,1,1,0,1,1,0,2,1,0,1,0,14,75.7,4.56,78.0
2,404.8,0,2,1,0,35,157,62,0.6,1,171,10,4,1,1,0,1,1,0,0,1,1,0,1,0,15,95.1,4.08,33.3
3,2723.5,0,2,1,0,52,674,99,0.81,0,178,22,3,1,1,0,0,1,1,0,1,1,0,1,0,10,82.6,8.38,30.2
0,29.9,0,4,1,0,4,93,14,0.56,0,48,0,3,1,1,0,0,1,1,0,1,1,0,1,0,11,81.4,3.52,32.3
0,180.4,1,1,0,2,2,92,40,0.91,0,39,0,4,1,1,1,0,1,0,0,1,0,0,1,1,15,58.0,3.1,36.1
3,558.3,1,2,1,2,1,35,13,0.89,0,166,0,5,1,1,1,1,1,0,0,2,1,0,1,0,11,94.4,16.22,178.6
0,72.3,0,4,1,2,11,596,290,0.88,1,60,3,4,1,1,1,0,1,0,0,2,1,0,1,0,14,69.8,4.99,32.5
5,1780.5,0,0,0,1,45,210,59,0.61,0,42,16,4,1,1,1,0,1,0,1,2,0,0,1,0,3,64.0,13.6,37.0
3,2139.6,0,0,0,2,50,1424,332,0.51,0,172,21,3,1,1,1,0,0,0,1,1,0,0,1,1,18,100.0,17.04,159.7
2,97.7,0,3,0,2,48,966,387,0.89,0,172,18,4,1,1,1,1,0,1,0,1,0,0,1,0,15,82.4,5.28,32.6
0,231.7,0,2,1,0,5,197,89,0.71,1,61,1,4,1,1,1,0,1,0,0,2,1,0,0,0,6,50.4,4.87,70.0
3,1670.2,1,0,0,1,42,1005,339,0.81,0,193,10,3,1,1,0,0,1,1,0,1,0,0,1,0,9,78.7,7.05,26.7
2,234.7,0,2,1,0,24,193,35,0.82,0,193,4,4,1,1,1,0,1,1,0,1,1,0,0,0,16,85.4,3.35,44.2
2,776.4,0,0,0,0,1,98,28,0.52,0,115,0,2,1,1,0,0,0,0,0,1,0,0,1,0,2,51.6,1.56,4.5
4,2958.8,1,1,0,2,66,1942,237,0.8,0,112,18,3,1,0,1,1,0,0,0,1,0,0,1,0,23,75.3,17.1,73.5
1,1496.0,0,2,1,0,56,1085,536,0.53,0,92,9,4,1,1,1,0,1,0,0,2,1,0,1,1,13,100.0,6.6,92.6
4,306.9,0,4,1,1,3,58,9,0.91,0,71,1,5,1,1,1,1,1,0,1,1,1,0,1,0,11,100.0,17.92,165.1
3,1182.3,0,0,0,0,38,607,189,0.92,0,231,7,4,1,1,1,0,1,0,0,1,1,0,1,0,9,82.6,6.57,45.8
1,1386.6,0,0,0,0,54,395,165,0.75,0,101,21,3,1,1,0,0,1,0,0,2,0,0,1,0,22,71.1,5.14,24.0
1,1850.6,0,1,0,1,2,93,14,0.6,1,62,0,3,1,1,1,0,0,0,0,1,0,0,1,0,18,83.5,6.76,17.7
3,2399.9,0,0,1,0,12,308,135,0.92,0,181,2,5,1,1,1,1,1,0,0,1,0,0,0,1,18,100.0,13.9,224.5
2,779.1,1,2,1,0,33,238,62,0.84,0,146,10,4,1,1,1,0,1,0,0,2,1,0,1,0,9,60.5,3.92,22.1
5,2092.4,0,2,1,1,26,907,280,0.8,1,56,9,4,1,1,1,0,1,0,0,2,0,0,1,0,9,94.6,13.82,97.0
0,218.1,0,0,0,0,18,155,63,0.55,0,49,6,2,1,1,0,0,0,0,0,1,0,0,1,0,10,33.0,1.27,3.6
0,342.8,0,4,1,2,5,74,7,0.84,0,61,0,5,1,1,1,1,1,0,0,2,1,0,1,0,23,80.3,3.35,21.2
0,356.0,0,1,0,1,25,636,235,0.84,0,36,8,3,1,1,0,0,1,0,0,2,0,0,1,0,8,41.0,1.26,11.9
4,2197.9,0,0,0,0,4,77,23,0.69,1,98,0,5,1,1,1,1,1,0,1,1,0,0,1,0,13,90.3,15.8,82.9
2,402.4,0,0,0,2,5,56,23,0.78,0,169,1,3,1,1,1,0,0,1,0,1,0,0,1,0,7,53.2,3.78,19.2
4,4040.2,0,4,1,2,74,1032,191,0.93,0,98,31,5,1,1,1,1,1,0,1,3,1,1,0,0,13,100.0,22.54,596.9
2,689.5,0,0,0,0,30,502,162,0.7,0,108,5,3,1,1,0,0,1,1,0,1,0,0,1,0,9,52.8,2.41,17.1
3,2195.2,0,1,1,0,31,239,78,0.73,1,219,10,4,1,1,0,1,1,1,0,1,1,0,1,0,13,95.6,14.2,89.7
0,374.5,0,3,0,0,16,289,130,0.92,0,56,6,4,1,1,1,0,1,0,0,1,0,0,0,0,13,73.8,2.06,56.3
4,1985.0,0,0,0,1,1,35,7,0.89,1,96,0,2,1,1,0,0,0,0,1,1,0,0,1,0,9,94.6,15.81,77.2
4,2408.3,0,2,1,1,59,1433,158,0.52,0,107,22,3,1,1,0,0,1,0,0,2,1,0,1,0,16,82.9,10.51,35.6
3,2088.7,0,3,0,1,74,469,50,0.51,0,213,16,3,1,1,0,0,1,0,0,1,1,0,1,0,13,68.9,5.44,22.2
3,532.8,0,0,0,2,35,599,238,0.67,0,164,7,3,1,1,0,1,0,0,0,2,0,0,1,0,3,88.2,14.59,40.9
4,1253.9,0,0,0,0,1,76,9,0.65,0,124,0,3,1,1,0,0,1,0,0,2,0,0,1,0,8,86.3,9.98,34.2
4,3136.3,0,3,0,1,5,60,9,0.55,1,77,2,3,1,1,1,0,0,0,1,2,0,0,0,0,9,93.5,22.02,200.0
2,354.3,0,4,1,1,4,60,8,0.9,0,144,1,4,1,1,1,0,1,0,0,2,1,0,1,1,13,70.9,4.11,20.9
2,602.4,0,2,1,0,3,8,1,0.94,1,138,1,4,1,1,0,1,1,0,0,3,1,0,1,0,12,78.3,4.42,22.2
5,116.8,0,0,0,1,1,100,12,0.93,0,56,0,3,1,1,0,1,0,0,0,1,0,0,1,0,6,94.1,9.78,81.9
5,2360.5,0,2,1,0,13,1012,281,0.67,0,63,2,4,1,1,0,1,1,0,1,2,0,0,1,1,14,100.0,13.56,131.9
0,268.4,0,2,1,0,36,83,38,0.73,0,47,10,5,1,1,1,1,1,0,0,1,1,0,1,0,4,78.7,4.16,21.5
4,4230.3,1,4,1,2,2,15,5,0.77,0,76,0,4,1,1,0,1,1,0,0,2,1,0,0,0,7,97.8,15.73,197.3
3,2101.9,0,0,0,0,69,400,53,0.85,1,190,12,5,1,1,1,1,1,1,0,1,1,0,1,0,11,88.5,15.22,66.7
3,683.9,0,2,1,0,4,56,16,0.77,0,221,1,5,1,1,1,1,1,0,0,2,0,0,1,0,23,100.0,11.9,97.1
1,1264.3,0,1,1,0,30,278,126,0.83,0,76,12,3,1,1,1,0,0,0,0,1,1,0,0,0,14,81.4,6.61,71.4
0,86.6,0,0,0,1,3,70,16,0.55,0,51,0,3,1,1,0,0,1,0,0,1,0,0,1,0,9,53.5,2.99,11.5
5,2633.7,0,0,0,0,5,10,3,0.58,1,49,1,3,1,1,1,0,0,0,0,1,0,0,1,0,11,81.2,11.83,63.8
2,274.3,0,1,0,0,27,374,131,0.61,0,152,0,1,1,0,0,0,0,1,0,1,0,0,1,0,10,49.1,4.36,9.3
4,1872.7,1,0,0,0,20,1858,612,0.94,0,117,8,3,1,1,1,0,0,1,1,1,0,0,1,1,13,96.3,33.56,392.5
1,920.1,0,3,0,0,25,268,82,0.74,0,80,6,2,1,1,0,0,0,0,0,2,0,0,0,0,8,69.1,4.02,47.2
4,4936.1,1,2,1,1,5,77,29,0.92,0,120,1,5,1,1,1,1,1,0,1,1,1,0,1,0,14,100.0,17.8,289.4
2,125.8,0,0,0,0,28,455,170,0.93,0,142,5,4,1,1,1,0,1,1,0,2,0,0,1,0,13,59.5,3.52,16.4
3,1420.8,1,1,0,0,48,631,137,0.51,1,234,13,3,1,1,0,0,1,0,1,1,0,1,0,0,13,81.1,21.57,256.7
1,708.8,0,0,0,0,25,486,223,0.65,1,88,7,4,1,1,0,1,1,0,0,2,1,0,1,0,12,52.7,3.83,12.9
1,1144.0,1,2,1,0,35,378,183,0.62,0,95,14,4,1,1,1,0,1,0,0,3,1,0,1,1,1,79.1,10.11,128.5
0,136.0,0,1,0,0,1,43,11,0.64,0,44,0,4,1,1,1,0,1,1,0,2,0,1,0,0,9,74.8,4.95,53.2
3,1448.0,0,3,1,1,11,1312,393,0.85,1,204,2,3,1,1,0,1,0,0,0,1,1,0,1,0,11,100.0,11.33,131.7
0,467.4,0,0,1,2,8,148,57,0.95,0,41,2,2,1,1,0,0,0,0,0,1,1,0,1,0,11,65.0,2.6,20.0
2,279.9,0,2,1,1,45,725,214,0.68,1,183,15,4,1,1,1,0,1,0,0,2,1,1,0,1,10,90.1,4.84,180.7
2,162.5,1,0,0,0,3,292,86,0.82,0,105,1,2,1,1,0,0,0,1,0,1,0,0,1,0,6,48.3,4.51,13.7
1,392.3,0,0,0,1,35,527,196,0.9,1,76,12,3,1,1,1,0,0,0,0,1,0,0,1,0,15,85.6,6.6,26.3
0,252.8,0,0,0,0,2,93,25,0.53,0,39,0,3,1,1,0,1,0,0,0,2,0,0,1,0,14,32.9,2.25,8.3
0,62.8,0,4,1,0,1,9,2,0.9,0,58,0,4,1,1,1,0,1,0,0,3,1,0,1,0,14,78.3,2.19,13.4
4,1545.1,0,2,1,2,1,63,19,0.76,1,70,0,4,1,1,0,1,1,0,0,1,1,0,1,0,15,100.0,17.13,105.8
0,77.5,1,3,0,1,1,535,178,0.81,1,50,0,2,1,1,0,0,0,0,0,1,0,0,1,0,11,55.8,3.1,10.1
2,385.8,0,1,0,1,2,5,1,0.81,0,124,0,2,1,1,0,0,0,0,0,1,0,0,1,0,5,58.5,3.42,8.7
0,46.1,1,0,0,2,2,48,21,0.61,1,40,0,3,1,1,1,0,0,0,0,1,0,0,1,0,21,69.1,3.15,16.8
1,776.1,0,0,0,1,39,889,436,0.61,1,85,8,2,1,1,0,0,0,0,0,1,0,0,1,0,11,73.7,4.61,15.7
2,682.7,0,2,1,0,34,480,82,0.82,0,148,14,5,1,1,1,1,1,0,0,1,1,0,0,0,21,85.7,5.9,90.6
3,1332.6,0,0,0,1,4,64,17,0.67,0,172,0,4,1,1,0,1,1,0,1,1,1,1,0,0,3,80.3,16.24,171.4
1,241.9,0,1,0,2,46,1122,521,0.5,0,95,17,3,1,1,1,0,0,1,0,1,0,0,1,0,14,72.2,5.62,45.4
1,1737.7,1,0,0,0,45,865,159,0.7,0,73,14,3,1,1,1,0,0,0,0,2,0,0,1,0,4,88.3,6.09,25.9
4,3837.9,0,2,1,0,49,428,205,0.53,0,98,12,4,1,1,0,1,1,1,1,2,1,0,0,0,11,100.0,23.54,191.3
4,1108.9,0,4,1,0,50,1966,907,0.59,0,88,19,5,1,1,1,1,1,1,1,2,1,0,1,0,13,95.3,19.98,170.6
4,4140.5,0,0,0,1,92,1632,357,0.78,0,80,20,3,1,1,1,0,0,0,1,1,0,0,0,0,14,93.2,22.8,188.5
0,127.5,0,2,1,2,7,521,211,0.65,0,42,2,3,1,1,0,0,1,0,0,1,0,0,1,1,9,40.7,2.19,36.5
5,2759.7,0,0,1,2,12,612,91,0.83,1,66,1,3,1,1,0,1,0,0,0,1,1,0,1,0,9,100.0,13.72,59.4
4,3241.0,0,1,0,1,2,700,299,0.81,1,127,0,4,1,0,1,1,1,1,0,1,0,0,1,0,13,90.3,18.35,73.0
0,285.4,0,1,0,2,3,88,30,0.52,0,47,1,3,1,1,0,0,1,1,0,1,1,0,1,0,13,79.7,4.5,23.5
1,541.3,1,2,1,0,31,148,34,0.77,0,74,10,4,1,1,1,0,1,0,0,1,1,0,0,0,11,89.3,5.88,277.5
0,155.3,0,0,0,0,4,87,36,0.84,0,56,1,3,1,1,1,0,0,0,0,1,0,0,1,0,10,41.9,2.62,25.0
4,4376.3,0,1,0,0,27,493,149,0.69,0,79,5,3,1,1,0,1,0,0,1,1,0,0,1,0,14,90.9,17.09,73.8
0,245.8,0,0,0,0,6,782,361,0.64,0,51,1,3,1,1,1,0,0,0,0,1,0,0,1,1,13,55.8,3.61,27.3
2,13.3,0,3,0,2,3,948,142,0.92,1,173,1,3,1,1,1,0,0,0,0,2,0,0,1,0,16,66.3,4.31,10.2
0,198.8,0,0,1,0,11,17,2,0.54,0,46,3,2,1,1,0,0,0,0,0,1,1,0,1,0,12,37.3,2.95,20.3
5,1646.3,0,0,0,0,45,640,65,0.58,0,45,17,2,1,1,0,0,0,0,1,1,0,0,1,0,18,67.5,7.92,25.1
1,436.1,0,1,0,0,56,350,46,0.54,1,59,8,3,1,0,1,0,1,1,0,1,1,0,1,0,22,74.6,4.94,45.4
5,2388.7,1,0,0,2,57,712,355,0.87,0,65,15,3,1,1,0,1,0,0,1,2,0,0,1,0,16,78.9,10.6,62.8
2,30.3,0,1,0,0,21,22,7,0.89,0,171,7,3,1,1,0,0,1,0,0,2,0,0,1,0,7,47.0,2.08,8.2
0,430.0,0,0,0,1,30,177,81,0.93,0,51,6,4,1,1,1,0,1,0,0,1,1,0,1,0,13,73.0,2.51,20.9
5,1046.9,0,0,0,1,50,142,50,0.67,0,68,13,2,1,1,0,0,0,0,0,2,0,0,1,0,16,71.9,9.49,45.0
0,53.0,0,2,1,2,25,438,99,0.66,0,58,7,3,1,1,0,0,1,1,0,2,0,0,1,1,13,71.7,5.51,47.9
2,126.5,0,2,1,2,14,511,110,0.93,1,177,2,3,1,1,0,0,1,1,0,3,0,0,0,0,3,81.0,4.15,67.0
5,967.4,0,2,1,1,2,94,41,0.68,1,69,0,5,1,1,1,1,1,0,1,2,0,0,1,0,13,100.0,16.05,123.5
1,475.4,0,2,1,0,3,65,11,0.52,0,87,0,4,1,1,1,0,1,0,0,1,1,0,1,1,23,99.7,8.86,64.7
0,433.8,0,4,1,0,31,285,107,0.54,0,46,13,3,1,1,0,0,1,1,0,2,1,0,1,0,15,67.8,5.11,17.3
2,330.2,0,2,1,2,1,28,12,0.81,1,145,0,3,1,1,0,0,1,0,0,3,1,0,1,0,10,36.1,2.29,10.5
3,461.7,0,3,1,1,46,1251,394,0.59,1,238,10,2,1,0,1,0,0,0,1,1,1,0,1,0,11,93.1,13.74,122.8
4,1349.3,0,0,1,1,3,77,27,0.87,0,95,0,4,1,0,1,1,1,0,0,1,1,0,0,0,10,97.7,19.92,102.0
1,1823.0,0,1,1,1,52,1012,139,0.66,0,69,12,3,1,1,0,0,1,0,0,1,0,0,1,0,11,59.2,3.3,23.7
0,270.5,0,1,0,0,24,729,299,0.81,0,48,6,3,1,1,0,0,1,0,0,1,1,0,1,0,13,44.1,1.71,6.2
3,985.0,0,2,1,0,64,31,15,0.69,0,227,18,5,1,1,1,1,1,1,1,1,0,0,1,0,16,100.0,14.12,220.9
2,432.1,0,1,0,0,34,930,176,0.53,0,151,0,1,1,0,0,0,0,0,0,1,0,0,0,0,10,32.7,2.9,18.1
1,615.6,0,2,1,1,32,127,30,0.78,0,72,4,4,1,1,1,0,1,1,0,3,0,1,0,0,14,75.4,9.09,122.5
4,1207.9,0,2,1,2,2,19,3,0.52,0,114,0,5,1,1,1,1,1,0,1,2,1,0,1,0,8,96.1,13.92,144.5
0,169.2,0,2,1,2,2,11,4,0.65,0,57,0,4,1,1,1,0,1,0,0,1,0,0,1,0,17,65.6,2.87,30.3
0,497.2,0,4,1,0,1,21,5,0.62,1,39,0,4,1,1,1,0,1,0,0,3,1,0,0,0,11,54.0,2.05,73.4
1,1305.6,0,0,0,0,3,65,13,0.77,0,68,0,3,1,1,1,0,0,1,0,1,0,1,0,0,12,63.3,6.26,158.3
1,514.6,0,2,1,1,60,212,27,0.75,0,90,26,5,1,1,1,1,1,0,0,1,1,0,1,1,10,100.0,5.55,38.5
0,448.5,0,0,0,1,5,12,5,0.81,0,46,1,3,1,1,0,1,0,0,0,1,0,0,1,0,12,59.1,2.74,4.8
3,887.3,0,0,0,1,22,468,55,0.61,1,157,9,3,1,1,1,0,0,0,1,1,0,0,1,0,20,80.4,17.42,101.3
2,11.1,0,3,0,1,1,848,205,0.83,0,128,0,4,1,1,1,1,0,0,0,2,0,0,1,0,13,76.4,4.06,36.7
5,2842.4,0,2,1,2,4,52,8,0.72,0,58,1,4,1,1,0,1,1,0,1,1,1,0,1,1,8,100.0,11.01,224.9
0,218.9,0,2,1,0,3,140,27,0.54,1,53,0,4,1,1,1,0,1,1,0,1,1,0,1,0,16,90.5,5.9,20.3
1,1147.6,0,0,0,1,4,23,2,0.6,0,74,1,4,1,1,1,0,1,0,0,1,1,1,0,0,15,87.7,6.17,166.6
1,746.8,0,2,1,0,44,627,219,0.63,0,69,13,3,1,1,0,0,1,0,0,1,1,0,1,0,11,66.7,4.11,39.8
2,125.8,0,0,0,1,23,331,98,0.72,0,159,7,2,1,1,0,0,0,1,0,1,0,0,1,0,8,73.3,2.41,18.8
0,272.7,0,0,0,1,5,65,31,0.91,1,45,2,2,1,1,0,0,0,0,0,1,0,0,1,0,12,54.6,2.73,6.2
0,216.3,0,1,0,1,5,25,2,0.66,1,37,1,2,1,1,0,0,0,1,0,2,0,0,1,0,22,54.5,5.44,13.5
0,240.4,0,2,1,0,30,572,219,0.62,0,44,6,4,1,1,0,1,1,1,0,1,1,0,1,0,14,66.9,5.79,16.6
3,632.7,0,4,1,0,1,18,2,0.77,0,143,0,3,1,1,0,0,1,0,1,2,0,0,1,0,14,98.7,12.26,60.5
2,781.6,0,0,0,0,4,97,23,0.56,0,134,1,3,1,1,0,1,0,0,0,1,0,0,0,0,16,72.6,6.01,61.1
0,344.4,0,0,0,0,22,463,191,0.65,0,60,6,3,1,1,0,0,1,0,0,1,0,0,0,0,5,53.2,2.78,21.6
2,21.8,0,0,1,2,2,95,38,0.62,0,128,0,2,1,1,0,0,0,0,0,1,0,0,1,0,12,40.2,3.13,5.7
4,4299.3,0,2,1,1,83,126,49,0.61,0,70,33,4,1,1,1,0,1,0,1,2,1,0,0,0,10,95.3,15.49,154.5
3,622.8,1,4,1,1,1,74,12,0.71,0,178,0,5,1,1,1,1,1,0,1,2,0,0,1,0,14,100.0,12.39,200.8
2,512.2,1,0,0,1,49,309,51,0.66,0,147,17,2,1,1,0,0,0,0,0,1,0,0,1,0,8,54.4,2.31,8.9
3,2037.1,0,0,1,1,53,548,168,0.5,0,239,9,2,1,1,0,0,0,0,1,1,0,0,1,0,11,100.0,13.59,64.3
3,2861.9,0,0,0,1,70,882,272,0.84,1,161,19,4,1,1,1,0,1,0,1,1,0,0,1,0,17,86.9,11.42,82.1
0,320.7,0,1,0,0,7,653,181,0.76,1,43,0,3,1,0,0,1,1,0,0,1,0,0,1,0,17,20.6,1.13,4.7
2,637.1,0,3,0,1,27,694,136,0.91,0,106,0,1,1,0,0,0,0,0,0,1,0,0,1,0,6,31.2,1.31,4.3
3,2979.2,1,0,0,2,41,1069,174,0.6,0,155,7,2,1,0,1,0,0,0,0,1,0,0,1,0,14,71.8,12.78,75.0
0,15.7,0,0,1,0,15,309,54,0.88,0,59,3,2,1,1,0,0,0,0,0,1,0,0,1,1,6,39.9,1.68,10.3
5,410.5,0,2,1,0,14,869,217,0.64,0,71,2,5,1,1,1,1,1,0,0,2,1,0,1,0,11,85.6,12.85,126.8
2,135.1,0,1,0,2,9,279,58,0.59,1,168,3,4,1,0,1,1,1,0,0,1,1,0,1,0,23,80.2,5.87,23.7
4,4447.8,0,0,0,2,3,84,12,0.67,1,91,1,2,1,1,0,0,0,0,0,2,0,0,1,0,15,72.6,9.1,32.5
1,273.6,0,3,0,2,51,668,306,0.75,0,84,15,4,1,1,1,0,1,1,0,1,1,0,1,0,15,68.3,4.41,46.9
1,872.4,0,0,0,0,16,1190,129,0.51,0,83,2,3,1,1,1,0,0,0,0,2,0,0,1,0,14,63.9,5.85,48.8
1,81.7,0,4,1,1,30,1020,448,0.94,1,73,10,4,1,1,1,0,1,1,0,1,1,0,1,0,7,70.7,4.12,20.7
4,1036.7,0,4,1,0,3,47,17,0.86,0,111,1,3,1,1,0,0,1,0,0,2,0,1,0,1,14,95.5,13.35,179.1
0,368.1,0,1,0,0,2,64,27,0.58,1,41,0,4,1,1,1,1,0,0,0,1,0,0,1,0,10,70.0,3.58,22.1
0,73.7,0,0,1,0,1,100,14,0.51,0,43,0,3,1,1,0,0,1,0,0,2,1,0,0,0,12,52.8,1.95,22.9
5,254.2,0,1,0,0,42,519,250,0.6,1,43,9,2,1,1,0,0,0,0,1,1,0,0,1,0,11,58.0,5.46,22.9
0,59.6,0,2,1,0,40,493,195,0.88,0,40,14,4,1,1,1,0,1,0,0,2,1,0,1,1,13,65.3,2.92,57.8
0,382.5,1,0,0,1,11,778,123,0.54,0,57,3,3,1,1,0,1,0,0,0,1,0,0,0,0,5,59.7,2.98,38.7
5,2716.3,0,0,0,1,28,746,136,0.54,0,55,5,3,1,1,0,0,1,0,0,1,1,1,0,0,9,73.8,8.82,163.7
0,214.5,0,0,0,0,1,68,32,0.57,0,50,0,3,1,1,1,0,0,0,0,2,0,0,1,0,14,59.5,2.87,11.0
0,30.1,0,1,1,2,36,163,78,0.82,1,56,10,3,1,1,1,0,0,0,0,1,1,0,1,0,13,57.7,4.75,13.6
1,828.3,0,2,1,1,13,626,138,0.63,0,78,2,3,1,1,0,0,1,1,0,2,0,0,1,0,7,92.0,7.13,26.1
4,2395.1,0,1,0,0,17,1281,406,0.75,0,115,4,4,1,1,1,1,0,0,1,1,0,0,1,0,10,80.1,16.84,139.9
4,368.0,0,2,1,1,90,429,131,0.75,0,78,37,5,1,1,1,1,1,0,1,2,0,0,1,0,10,100.0,19.68,183.2
2,705.1,0,0,0,0,35,271,116,0.81,0,160,9,4,1,1,1,1,0,0,0,1,0,0,0,0,7,64.6,6.54,59.3
2,537.4,0,0,0,0,38,315,35,0.79,0,145,16,2,1,1,0,0,0,1,0,2,0,0,1,0,21,49.2,3.06,18.2
4,1132.8,0,4,1,0,39,1901,489,0.91,0,92,11,5,1,1,1,1,1,0,0,3,1,0,1,0,12,100.0,16.59,130.7
2,33.3,0,3,1,0,5,68,23,0.55,0,111,1,2,1,1,0,0,0,0,0,1,1,0,1,0,7,68.3,3.02,13.2
1,431.6,0,2,1,0,1,22,10,0.66,0,82,0,4,1,1,1,0,1,0,0,1,1,1,0,0,10,75.4,5.43,210.5
2,643.3,0,2,1,2,3,37,9,0.66,0,119,0,3,1,1,0,0,1,1,0,1,1,0,1,0,15,60.1,3.6,18.9
1,1186.4,0,2,1,0,57,137,26,0.53,0,99,20,5,1,1,1,1,1,0,0,1,1,0,1,0,15,70.2,7.06,78.2
0,142.5,1,4,1,0,35,627,278,0.81,0,51,5,4,1,1,1,0,1,0,0,1,1,1,0,0,13,74.0,6.65,102.0
4,2984.2,1,2,1,1,37,99,22,0.77,0,129,6,3,1,1,0,0,1,0,0,1,0,0,1,1,12,100.0,14.51,88.1
0,435.8,0,2,1,1,5,34,7,0.75,1,56,1,4,1,1,1,0,1,1,0,2,1,0,1,1,4,72.2,3.71,70.6
0,157.2,0,2,1,0,3,9,2,0.66,1,53,1,3,1,1,0,0,1,1,0,2,1,0,1,0,1,88.8,5.77,37.5
5,2610.7,0,2,1,0,34,542,89,0.67,0,75,6,3,1,1,0,0,1,0,0,2,0,0,1,0,10,90.8,8.68,70.6
3,1148.9,0,2,1,0,1,50,14,0.88,0,147,0,3,1,1,0,0,1,1,0,2,0,0,1,1,6,96.8,10.73,79.7
3,526.0,0,2,1,0,33,43,15,0.89,0,226,10,5,1,1,1,1,1,0,0,3,1,0,1,0,6,82.7,11.07,93.1
5,2640.0,1,0,0,1,59,62,8,0.6,0,67,21,3,1,1,0,1,0,0,1,1,0,0,1,1,10,96.6,21.0,258.8
0,496.2,0,0,0,1,2,78,16,0.61,0,58,0,1,1,0,0,0,0,1,0,1,0,0,1,0,13,63.7,4.09,19.7
2,288.1,0,0,0,2,43,146,49,0.86,0,115,0,1,1,0,0,0,0,0,0,1,0,0,1,0,9,35.2,1.82,1.6
5,2641.6,1,2,1,1,5,72,33,0.91,0,56,1,4,1,1,1,0,1,0,0,1,0,0,1,1,15,96.0,18.96,379.2
3,938.9,0,0,0,0,57,371,112,0.76,0,151,13,3,1,1,1,0,0,0,1,1,0,0,1,0,8,86.3,12.73,109.5
1,798.9,0,1,0,0,1,41,8,0.7,0,69,0,2,1,0,1,0,0,0,0,1,0,0,1,0,18,89.7,7.67,32.0
0,421.0,0,0,0,0,29,538,80,0.7,0,56,12,2,1,1,0,0,0,0,0,1,0,0,1,0,13,56.7,1.24,8.4
1,1617.1,0,3,0,2,60,1077,244,0.88,0,98,9,3,1,1,1,0,0,0,0,1,0,0,1,0,17,60.2,6.54,19.8
1,567.3,0,2,1,0,14,374,43,0.81,0,86,3,3,1,1,0,0,1,1,0,3,0,0,1,1,14,89.7,6.39,162.1
3,1833.7,0,2,1,0,41,1362,198,0.81,0,232,12,4,1,1,1,0,1,0,0,2,0,0,1,1,22,100.0,12.23,105.4
5,1235.0,0,0,0,0,50,235,112,0.78,0,63,7,3,1,1,0,1,0,0,0,1,0,0,1,0,14,90.1,15.22,35.4
4,3309.2,0,0,0,1,2,83,36,0.84,0,100,0,4,1,1,1,1,0,0,1,1,0,0,1,0,14,85.1,12.51,47.8
2,602.4,0,2,1,1,5,82,38,0.54,0,140,1,4,1,1,1,0,1,0,0,1,1,0,1,0,12,77.6,4.58,17.3
3,1771.0,0,3,0,1,14,936,177,0.94,0,167,3,5,1,1,1,1,1,0,0,1,1,0,1,0,8,86.1,12.51,57.4
2,693.2,0,0,0,0,48,350,151,0.52,0,158,19,3,1,1,1,0,0,0,0,1,0,1,0,0,23,47.3,3.22,54.2
0,496.5,0,1,0,2,32,179,62,0.74,1,61,8,2,1,1,0,0,0,1,0,1,0,0,0,0,12,53.5,3.03,68.8
3,1735.1,1,2,1,0,18,346,107,0.87,1,189,3,3,1,1,0,0,1,0,1,3,1,0,0,0,15,100.0,13.29,221.5
2,21.2,0,0,0,1,7,753,140,0.58,0,116,2,2,1,1,0,0,0,0,0,1,0,0,1,0,14,43.4,3.11,7.0
0,92.4,0,4,1,0,31,339,74,0.84,0,46,11,4,1,1,1,0,1,1,0,1,1,0,1,0,7,69.7,5.12,50.8
1,1675.5,0,3,0,2,50,718,281,0.6,0,103,21,2,1,1,0,0,0,0,0,2,0,0,1,0,11,55.4,4.15,23.1
3,1000.1,1,3,1,1,5,8,3,0.92,0,215,1,3,1,1,1,0,0,1,1,2,1,0,1,0,10,100.0,15.32,222.6
3,2552.8,1,0,0,1,22,1211,470,0.66,1,219,6,4,1,1,1,1,0,0,1,1,0,0,1,0,15,76.2,17.55,105.4
0,308.2,0,2,1,0,30,95,13,0.54,0,40,9,3,1,1,0,0,1,0,0,3,1,0,1,0,5,61.0,2.93,15.9
2,253.1,0,2,1,1,2,39,17,0.58,0,167,0,3,1,1,0,0,1,0,0,2,1,0,1,0,13,57.8,2.72,8.1
4,4190.1,0,0,1,2,5,31,6,0.71,1,76,1,3,1,1,1,0,0,0,0,1,1,0,1,0,6,91.4,10.98,60.8
0,13.9,0,0,0,1,28,753,195,0.88,0,46,7,2,1,1,0,0,0,1,0,1,0,0,1,0,15,59.0,5.04,28.4
2,95.2,0,1,0,0,4,998,135,0.86,1,136,1,3,1,1,0,0,1,1,0,1,0,0,1,0,11,64.8,3.38,8.0
0,223.9,0,0,0,1,7,401,60,0.84,1,58,2,3,1,1,0,0,1,1,0,2,0,0,1,0,23,71.9,5.46,18.1
5,742.9,0,2,1,0,4,16,3,0.79,0,52,1,5,1,1,1,1,1,0,0,2,0,0,1,1,15,98.7,18.1,315.0
0,208.2,0,1,0,2,8,623,263,0.91,0,58,2,3,1,1,1,0,0,1,0,2,0,0,1,0,12,79.2,5.53,13.5
2,73.2,1,0,0,0,4,63,15,0.9,0,127,0,1,1,0,0,0,0,0,0,2,0,1,0,0,2,28.9,2.39,54.2
0,51.2,0,3,0,0,3,83,19,0.52,0,56,1,3,1,1,0,0,1,0,0,1,0,0,0,0,9,45.4,1.2,28.7
5,1993.4,0,0,0,0,4,40,15,0.85,0,66,0,3,1,0,0,1,1,0,1,1,0,1,0,0,15,92.7,15.5,160.5
0,488.2,0,3,0,0,1,356,84,0.66,0,48,0,4,1,1,1,0,1,1,0,2,0,0,1,0,7,56.3,5.23,32.0
0,319.4,0,2,1,0,37,446,118,0.84,0,43,13,4,1,1,1,0,1,0,0,2,1,0,1,0,14,61.1,4.97,25.4
3,1755.2,1,0,0,1,41,1038,326,0.68,0,199,11,2,1,1,0,0,0,0,0,2,0,0,1,0,14,68.5,10.83,52.8
3,1782.5,0,4,1,0,2,26,8,0.71,1,184,0,5,1,1,1,1,1,0,0,3,0,0,1,0,9,99.3,15.07,101.9
1,1846.7,0,0,0,2,5,47,21,0.91,0,90,0,2,1,1,0,0,0,1,0,1,0,0,0,0,9,75.5,6.99,53.6
3,2176.3,1,1,0,1,66,1298,467,0.69,1,157,0,2,1,0,0,0,1,0,0,1,0,0,1,1,11,82.2,6.78,49.7
0,324.6,0,0,1,2,3,8,1,0.67,0,43,0,2,1,0,0,0,1,1,0,2,1,0,1,0,12,63.0,5.83,26.3
1,335.7,0,0,0,2,58,358,175,0.79,0,80,17,4,1,1,0,1,1,1,0,1,1,0,0,0,13,82.8,5.51,68.3
5,1092.9,0,2,1,2,53,1083,497,0.83,0,43,17,4,1,1,1,0,1,0,0,2,1,0,1,1,10,95.2,16.13,134.9
1,1604.7,1,2,1,2,58,281,86,0.53,0,84,18,3,1,1,0,0,1,0,0,3,1,0,1,0,13,76.0,5.67,44.8
0,275.8,0,2,1,0,1,262,105,0.77,0,40,0,4,1,1,1,0,1,0,0,2,0,0,1,0,13,66.7,3.52,35.6
1,652.2,0,0,0,0,4,48,17,0.74,1,93,0,1,1,0,0,0,0,0,0,1,0,0,1,0,9,46.4,3.53,10.0
4,4645.0,1,2,1,1,54,1606,627,0.6,0,126,21,5,1,1,1,1,1,0,1,1,1,0,0,0,16,100.0,19.61,549.2
3,2927.5,0,0,0,1,28,1274,383,0.89,1,169,6,3,1,1,0,1,0,0,1,1,0,0,1,0,6,89.4,13.84,85.8
2,568.1,0,1,0,0,4,24,10,0.77,0,155,0,3,1,0,0,1,1,0,0,2,0,0,1,0,15,68.2,5.75,20.5
3,163.4,0,1,0,0,3,47,8,0.94,0,212,1,2,1,1,0,0,0,0,0,2,0,0,1,0,12,74.3,5.7,26.8
0,457.4,0,1,0,2,1,76,31,0.74,0,60,0,4,1,1,1,1,0,0,0,2,0,0,1,1,4,79.5,2.66,48.1
3,2653.6,0,0,0,0,50,48,4,0.65,1,242,16,3,1,1,1,0,0,0,0,2,0,0,1,0,10,76.0,10.61,51.0
3,2652.9,0,1,0,0,2,89,16,0.64,0,172,0,4,1,1,0,1,1,1,0,1,0,0,0,0,16,78.9,9.74,90.9
4,3745.3,0,0,0,0,2,20,9,0.83,0,129,0,5,1,1,1,1,1,0,0,1,0,0,1,0,14,77.1,12.1,69.2
0,196.2,0,0,1,0,2,286,112,0.9,1,60,0,2,1,0,1,0,0,1,0,1,1,0,1,0,12,75.4,3.03,19.6
2,303.6,0,0,0,1,2,44,11,0.67,0,160,0,3,1,1,1,0,0,0,0,1,0,0,0,0,10,41.0,2.08,31.5
3,558.7,1,4,1,0,40,985,283,0.91,1,218,10,4,1,1,1,0,1,1,1,2,0,0,1,0,9,100.0,20.21,170.1
3,2180.1,0,2,1,1,17,681,183,0.8,0,252,2,5,1,1,1,1,1,0,1,2,1,0,1,0,10,95.1,17.25,61.6
4,157.4,0,1,0,0,5,48,11,0.9,0,118,1,2,1,0,1,0,0,0,0,2,0,0,1,0,15,82.9,9.29,34.4
1,99.6,0,3,0,2,33,383,99,0.92,0,65,13,3,1,1,0,0,1,0,0,1,1,0,0,0,22,50.5,3.67,48.0
0,187.7,0,0,0,0,13,290,34,0.94,0,46,0,2,1,0,0,0,1,1,0,1,0,0,1,0,13,62.6,4.57,16.2
0,133.2,0,1,1,1,26,168,60,0.68,1,60,4,2,1,1,0,0,0,1,0,1,1,0,0,0,16,67.0,5.89,95.6
4,1704.6,0,1,0,2,97,1874,727,0.89,0,72,38,2,1,1,0,0,0,0,1,1,0,0,1,0,22,91.3,15.07,66.3
3,2299.5,1,2,1,0,36,1492,586,0.91,0,179,12,3,1,1,0,0,1,0,1,2,0,0,1,0,11,94.5,14.96,94.7
0,307.3,0,0,0,1,39,436,185,0.82,1,54,11,3,1,1,0,0,1,1,0,1,0,0,1,0,14,75.9,4.38,10.7
4,4549.6,1,0,0,1,32,576,160,0.52,0,129,7,4,1,1,0,1,1,0,1,2,0,0,1,0,16,83.8,25.75,180.7
4,2549.2,1,1,0,1,4,30,6,0.82,0,118,1,2,1,1,0,0,0,0,1,1,0,0,1,0,11,97.3,26.84,77.5
4,2843.6,1,1,0,0,4,18,7,0.83,0,117,1,4,1,1,1,1,0,0,0,1,0,0,1,0,15,82.4,23.13,85.1
1,1405.4,1,0,0,1,55,1072,356,0.78,0,102,20,4,1,1,1,0,1,1,0,2,0,0,1,0,6,89.5,8.27,77.7
0,479.5,0,0,0,0,3,96,36,0.94,0,41,0,1,1,0,0,0,0,1,0,2,0,0,1,0,14,75.1,3.81,16.0
3,164.1,0,2,1,0,77,1015,276,0.84,1,187,26,4,1,1,0,1,1,0,1,2,1,0,1,0,11,100.0,12.48,101.2
5,2601.9,0,2,1,0,49,377,163,0.51,0,68,12,3,1,1,0,0,1,0,1,1,1,0,1,1,10,88.4,11.05,134.3
3,830.8,1,0,0,0,8,1408,350,0.58,0,203,1,4,1,1,1,1,0,1,1,1,0,0,1,0,8,75.6,17.76,232.1
4,4881.3,1,0,0,1,16,1663,787,0.92,1,110,5,5,1,1,1,1,1,0,0,1,0,0,1,0,11,77.3,14.99,62.1
1,1578.9,0,0,0,0,54,212,93,0.54,0,99,17,4,1,1,1,0,1,0,0,2,1,1,0,0,13,75.7,8.53,103.2
5,1522.3,0,3,0,1,5,100,46,0.74,0,68,1,3,1,1,0,1,0,0,1,1,0,0,1,0,13,77.6,8.47,41.3
1,1706.0,0,4,1,1,5,6,0,0.67,0,61,1,4,1,1,1,0,1,0,0,1,1,1,0,1,7,100.0,9.95,404.0
1,874.5,0,1,0,2,53,1009,203,0.5,0,58,20,2,1,1,0,0,0,0,0,1,0,0,1,0,10,70.7,3.39,11.2
5,1657.1,1,0,1,0,36,1029,185,0.73,1,59,6,2,1,1,0,0,0,0,1,1,1,0,1,0,14,85.4,11.49,44.1
4,1026.0,1,0,0,2,38,1045,131,0.58,1,109,10,2,1,1,0,0,0,0,0,1,0,0,0,1,17,68.1,11.65,131.0
3,592.8,0,3,0,0,10,50,17,0.91,0,217,2,5,1,1,1,1,1,0,0,2,0,0,1,0,14,81.2,12.93,91.7
1,1802.2,0,3,0,0,10,97,27,0.82,0,66,2,3,1,1,1,0,0,0,0,1,0,0,1,1,7,77.6,8.4,92.1
3,1079.6,0,1,0,0,40,447,114,0.71,0,194,16,3,1,1,0,1,0,0,0,1,0,0,1,0,1,91.8,15.65,53.7
2,750.3,0,0,0,1,3,64,12,0.83,0,148,0,3,1,0,1,1,0,1,0,1,0,0,1,0,9,73.3,7.05,33.8
3,2768.5,0,0,1,2,61,703,268,0.63,1,207,25,3,1,1,1,0,0,0,0,1,0,0,0,0,13,90.6,8.95,138.2
2,125.9,0,3,0,0,32,974,359,0.65,0,112,8,3,1,1,1,0,0,1,0,1,0,0,1,0,9,63.7,2.53,21.9
3,671.7,0,0,0,1,67,58,17,0.91,1,168,16,2,1,1,0,0,0,0,1,2,0,0,1,0,15,83.7,13.59,42.1
2,445.5,0,0,1,2,33,879,437,0.69,0,116,0,2,1,0,0,0,1,0,0,2,1,0,1,0,7,32.0,1.69,2.5
0,449.0,1,4,1,1,3,84,10,0.76,0,64,1,3,1,1,0,0,1,1,0,3,0,0,0,1,16,88.5,6.26,149.3
2,72.7,0,1,1,0,6,185,90,0.62,0,156,1,3,1,1,0,1,0,0,0,1,1,0,0,0,11,90.9,4.5,66.9
3,1569.3,0,2,1,2,8,1279,514,0.69,0,247,2,3,1,1,0,0,1,0,0,2,1,0,1,0,13,100.0,12.63,35.9
2,584.4,0,2,1,1,30,906,257,0.92,0,192,8,3,1,1,0,0,1,0,0,3,0,0,1,1,11,58.0,4.28,11.8
0,83.2,0,1,0,0,20,567,119,0.59,0,49,5,3,1,1,0,0,1,0,0,1,1,0,1,1,18,49.1,3.0,19.1
2,195.8,0,2,1,1,3,93,41,0.67,0,110,0,5,1,1,1,1,1,0,0,2,1,0,1,1,5,82.5,6.73,55.9
1,714.5,0,1,0,0,21,1056,477,0.67,1,71,6,2,1,1,0,0,0,0,0,1,0,0,1,0,7,77.0,4.39,26.6
1,759.4,0,4,1,0,35,419,180,0.79,0,84,6,5,1,1,1,1,1,1,0,3,1,0,1,0,8,94.4,6.93,38.9
2,18.6,0,0,0,0,21,115,54,0.71,1,159,4,3,1,1,1,0,0,1,0,1,0,0,1,0,0,54.7,3.76,5.4
0,417.6,0,0,1,0,9,513,64,0.53,1,50,3,4,1,1,1,0,1,0,0,1,1,0,1,0,10,76.4,2.71,36.4
4,2771.0,0,2,1,1,5,8,0,0.88,0,72,1,5,1,1,1,1,1,0,0,2,1,0,0,1,17,99.3,14.49,523.0
1,128.3,0,0,0,1,40,586,120,0.67,0,96,15,3,1,1,0,1,0,0,0,1,0,0,1,1,10,61.5,4.39,48.7
2,99.0,0,3,0,0,2,77,35,0.88,0,107,0,3,1,1,0,1,0,0,0,1,0,0,1,0,23,81.5,7.32,18.1
0,91.0,0,0,0,0,1,315,87,0.83,0,37,0,3,1,1,1,0,0,1,0,1,0,0,1,0,10,69.4,4.1,40.6
4,3302.8,0,2,1,1,61,367,38,0.54,0,122,19,5,1,1,1,1,1,0,0,1,1,0,0,0,15,93.4,15.57,215.4
5,1296.0,0,3,0,0,13,490,184,0.86,0,43,4,4,1,1,1,1,0,0,1,2,0,0,1,0,4,84.0,16.57,91.5
1,222.4,0,0,0,1,30,721,293,0.57,0,98,10,3,1,1,1,0,0,0,0,1,0,0,1,0,7,88.8,5.63,18.0
1,959.8,0,1,0,0,9,431,185,0.68,0,98,4,4,1,1,1,1,0,0,0,1,0,0,1,0,10,75.6,6.18,35.1
3,2083.6,0,0,0,0,14,472,168,0.7,0,247,2,3,1,1,1,0,0,0,1,2,0,0,1,0,18,90.9,10.0,79.1
3,801.3,0,2,1,0,4,20,5,0.66,0,223,0,4,1,1,0,1,1,0,1,1,1,0,1,0,1,91.0,13.1,121.4
2,34.5,0,4,1,1,32,782,361,0.71,0,112,11,4,1,1,1,0,1,1,0,3,0,0,1,0,14,83.6,4.15,25.0
0,390.8,0,4,1,0,25,553,199,0.52,0,55,7,5,1,1,1,1,1,1,0,1,0,0,1,0,7,67.6,5.71,21.0
0,47.6,0,1,0,0,15,735,204,0.82,0,38,2,3,1,1,1,0,0,1,0,1,0,0,1,0,12,78.4,5.22,27.7
0,267.3,0,0,1,1,16,145,21,0.57,0,54,4,4,1,1,1,0,1,0,0,1,1,0,1,0,14,61.0,4.99,17.0
3,773.5,1,3,0,1,2,66,27,0.58,0,197,0,4,1,1,0,1,1,0,1,1,0,1,0,0,13,87.7,20.03,451.4
1,531.8,0,0,0,1,26,931,318,0.89,0,62,8,4,1,1,1,0,1,1,0,1,0,1,0,0,15,86.7,8.29,139.4
4,515.7,0,3,1,2,66,1008,256,0.89,0,111,28,3,1,1,0,1,0,0,0,1,1,0,1,0,9,100.0,16.05,88.0
2,507.0,0,1,1,1,17,617,166,0.8,0,185,0,2,1,0,0,1,0,0,0,1,1,0,1,0,14,91.1,4.56,27.0
1,1184.4,1,0,0,0,60,1173,332,0.65,0,59,11,3,1,1,0,0,1,0,0,1,0,0,1,0,16,66.5,5.55,20.9
1,590.3,0,0,0,0,4,94,41,0.62,0,68,1,3,1,1,1,0,0,0,0,2,0,0,1,0,13,80.6,7.7,22.2
1,1267.5,0,0,0,0,4,31,9,0.51,1,83,1,3,1,1,1,0,0,1,0,1,0,0,1,0,13,84.3,7.9,21.5
2,140.9,0,1,0,0,29,458,73,0.9,0,172,4,4,1,1,1,1,0,0,0,2,0,0,1,0,11,65.1,7.06,31.8
3,1571.9,0,0,1,0,3,34,8,0.89,0,222,0,5,1,1,1,1,1,0,0,1,0,0,1,0,11,91.2,13.16,125.1
5,359.4,0,1,0,0,6,335,45,0.81,1,44,2,3,1,1,1,0,0,0,0,1,0,0,0,0,10,68.8,9.62,123.4
0,123.6,0,0,0,1,13,622,239,0.53,1,59,2,2,1,1,0,0,0,0,0,2,0,0,0,0,9,43.9,1.25,38.1
4,3855.1,0,0,0,2,59,368,141,0.82,1,106,9,4,1,1,0,1,1,1,1,1,1,0,1,0,16,82.4,23.79,72.3
2,583.7,0,3,0,2,32,134,56,0.59,0,138,7,2,1,1,0,0,0,0,0,2,0,0,1,0,19,44.4,3.01,5.6
1,470.4,0,1,0,0,32,827,236,0.71,0,78,8,3,1,1,1,0,0,1,0,2,0,0,1,0,8,88.4,4.21,62.1
2,728.4,0,1,0,1,5,26,2,0.55,0,155,0,2,1,0,1,0,0,0,0,2,0,1,0,0,11,62.1,4.13,40.8
1,1772.9,0,0,0,0,47,557,87,0.84,1,85,10,3,1,1,1,0,0,0,0,1,0,0,1,0,10,61.3,4.88,15.4
1,1116.8,0,4,1,1,8,173,63,0.87,0,90,2,5,1,1,1,1,1,0,0,2,0,0,0,1,12,100.0,6.83,264.9
0,344.5,0,1,0,1,20,268,38,0.57,0,58,8,3,1,1,1,0,0,1,0,1,0,0,1,0,10,77.2,3.75,39.2
5,1060.5,1,3,0,1,3,20,4,0.72,0,75,0,3,1,1,0,0,1,0,0,2,0,0,1,0,13,67.9,8.72,31.3
0,50.6,0,1,0,0,3,91,34,0.87,0,52,0,3,1,1,1,0,0,1,0,1,0,0,1,0,12,59.9,5.68,11.2
0,449.6,0,4,1,2,5,17,5,0.6,0,46,1,4,1,1,1,0,1,0,0,3,1,1,0,0,12,65.0,3.14,130.3
4,1131.7,0,0,0,1,75,499,193,0.7,1,108,32,4,1,1,1,1,0,0,0,1,0,0,1,0,15,88.5,15.52,98.3
1,423.4,0,3,0,2,46,874,317,0.93,0,97,9,3,1,1,0,0,1,0,0,2,0,0,1,0,11,54.9,5.61,14.4
5,2664.2,1,1,1,2,53,1036,187,0.57,0,72,19,2,1,1,0,0,0,0,0,1,1,0,1,1,10,84.4,13.85,146.7
1,604.7,1,0,0,1,1,34,12,0.76,0,56,0,3,1,1,0,1,0,0,0,1,0,0,1,0,11,56.7,4.06,32.7
2,432.9,0,2,1,2,36,299,123,0.88,0,140,13,4,1,1,1,0,1,0,0,2,0,0,1,0,10,72.4,2.53,7.4
4,587.4,0,2,1,1,5,93,29,0.53,0,122,2,5,1,1,1,1,1,0,1,2,1,0,1,0,8,100.0,14.36,217.0
0,245.8,0,3,0,0,5,171,27,0.57,0,51,1,5,1,1,1,1,1,0,0,1,0,0,1,0,16,62.1,4.77,8.6
0,390.2,0,3,0,0,30,401,91,0.67,0,36,6,2,1,1,0,0,0,0,0,1,0,0,0,0,13,30.5,2.14,26.3
5,2544.8,0,0,1,0,5,59,12,0.89,1,52,2,4,1,1,1,1,0,0,0,1,1,0,1,0,14,87.9,9.37,90.0
3,969.5,1,0,0,0,1,28,9,0.76,1,145,0,2,1,0,1,0,0,0,0,1,0,0,1,0,15,82.8,8.84,74.5
1,1817.3,0,0,0,2,38,18,2,0.71,0,73,11,3,1,1,1,0,0,0,0,1,0,0,1,1,23,85.5,5.6,79.5
3,148.9,0,3,0,0,25,1018,324,0.53,0,220,5,3,1,1,1,0,0,0,0,1,0,0,0,0,14,70.3,9.17,82.0
4,3563.8,0,2,1,0,1,34,16,0.84,0,111,0,5,1,1,1,1,1,0,0,1,1,0,1,0,14,99.2,12.6,151.2
3,698.4,1,2,1,2,3,29,12,0.89,0,198,1,3,1,1,0,0,1,0,1,3,1,0,1,0,6,96.3,18.01,118.4
2,149.9,0,0,0,0,11,496,93,0.91,1,126,3,3,1,1,0,1,0,0,0,1,0,0,1,0,5,83.7,4.88,22.6
1,1395.3,0,0,0,2,55,1186,497,0.74,1,79,16,3,1,1,0,0,1,0,0,1,0,0,1,0,5,50.6,3.45,23.4
5,660.9,1,1,1,0,3,50,14,0.61,0,50,1,3,1,1,0,1,0,0,0,1,1,0,1,1,11,96.0,12.28,170.7
3,733.6,1,2,1,0,3,81,25,0.78,0,145,1,4,1,1,0,1,1,0,0,2,0,0,0,0,10,99.4,16.58,251.6
1,882.9,0,0,0,0,2,30,12,0.59,0,58,0,4,1,1,1,0,1,1,0,1,0,0,1,0,17,60.9,6.47,53.1
1,1391.4,0,4,1,0,2,94,39,0.62,0,82,0,5,1,1,1,1,1,1,0,2,1,0,1,1,8,100.0,9.35,235.4
2,345.7,0,4,1,1,5,19,7,0.56,1,171,1,5,1,1,1,1,1,1,0,1,1,0,1,0,13,85.1,7.43,43.1
0,123.6,0,3,0,1,12,50,13,0.88,0,59,0,1,1,0,0,0,0,1,0,1,0,0,1,0,12,69.1,3.66,16.7
2,592.8,0,0,0,1,41,604,79,0.81,0,177,11,4,1,1,1,0,1,0,0,1,0,0,1,0,14,62.7,4.68,5.9
4,1632.9,0,3,0,1,10,318,54,0.84,0,117,2,4,1,1,0,1,1,0,1,1,0,0,1,0,7,89.1,17.63,89.4
3,1195.9,0,0,0,0,47,645,276,0.85,0,145,17,4,1,1,0,1,1,0,1,2,1,0,1,0,7,76.1,15.0,60.3
2,631.4,1,0,0,1,5,20,9,0.91,0,128,1,2,1,1,0,0,0,1,0,1,0,0,0,0,0,64.3,5.66,43.1
2,201.4,0,0,0,0,46,138,34,0.83,0,124,11,2,1,1,0,0,0,0,0,1,0,0,1,0,5,32.9,3.45,9.1
4,1837.9,0,0,0,0,94,57,20,0.71,0,117,38,3,1,1,0,1,0,0,0,1,0,0,1,0,9,97.1,15.13,58.9
0,190.5,0,1,0,0,19,249,45,0.6,0,59,3,3,1,1,1,0,0,0,0,1,0,0,1,0,9,60.5,3.58,24.3
3,361.2,0,3,0,0,42,472,54,0.68,1,149,7,3,1,1,0,0,1,1,0,1,0,0,1,0,10,77.8,8.75,28.7
5,2358.8,0,0,0,1,1,510,191,0.65,0,59,0,4,1,1,1,0,1,0,0,1,1,0,1,0,10,84.7,11.83,54.3
2,319.5,0,2,1,0,5,66,15,0.51,1,194,1,4,1,1,0,1,1,0,0,3,1,0,1,0,14,73.5,7.26,27.0
3,322.6,0,4,1,1,51,887,243,0.86,1,223,9,3,1,1,0,0,1,1,1,1,0,0,1,0,14,100.0,11.03,65.4
1,222.3,0,0,0,1,4,70,22,0.7,1,86,1,3,1,1,1,0,0,0,0,1,0,0,1,0,4,79.3,7.05,20.0
1,522.1,0,4,1,1,14,488,174,0.78,1,60,3,4,1,1,1,0,1,1,0,2,0,0,1,0,11,69.6,6.76,84.5
0,291.3,0,1,0,0,19,570,203,0.84,0,55,7,2,1,1,0,0,0,0,0,2,0,0,1,0,14,32.7,2.71,8.7
1,1159.1,1,3,0,2,52,466,101,0.56,0,75,16,3,1,1,1,0,0,0,0,1,0,0,0,0,13,72.2,8.8,112.1
2,180.6,0,3,0,0,2,861,368,0.63,1,136,0,2,1,0,1,0,0,0,0,1,0,0,1,0,13,74.4,3.99,14.0
1,1578.9,0,0,0,1,5,66,27,0.54,0,98,1,4,1,1,1,1,0,1,0,2,0,0,1,0,9,69.4,7.23,32.7
2,221.0,0,1,0,1,5,60,20,0.91,0,194,0,2,1,1,0,0,0,0,0,1,0,0,1,0,16,43.6,3.95,4.4
1,1940.5,0,1,0,0,56,1078,192,0.76,0,75,10,3,1,1,1,0,0,1,0,1,0,0,1,0,12,66.6,6.92,29.7
1,163.5,0,3,0,0,53,981,460,0.92,0,83,22,2,1,1,0,0,0,1,0,1,0,0,1,0,10,78.3,4.27,15.7
0,107.2,0,0,0,0,2,91,12,0.77,1,38,0,3,1,1,1,0,0,0,0,2,0,0,1,1,10,63.8,3.12,33.3
2,182.4,0,2,1,0,7,446,93,0.95,0,123,1,5,1,1,1,1,1,1,0,3,1,0,1,0,20,82.5,4.41,25.2
2,733.0,1,2,1,0,5,48,18,0.72,0,159,1,3,1,1,0,0,1,0,0,1,1,0,1,0,14,67.8,3.5,21.6
2,190.8,0,4,1,0,4,35,16,0.73,0,182,0,4,1,1,1,0,1,0,0,2,1,0,1,0,14,61.1,4.29,10.7
4,522.3,0,0,0,0,23,158,77,0.56,0,128,8,2,1,0,1,0,0,0,1,1,0,0,1,1,9,99.0,26.36,165.2
3,146.9,0,1,0,0,2,43,19,0.65,0,201,0,4,1,0,1,1,1,0,0,2,0,0,1,0,0,77.1,13.18,59.4
1,1405.8,0,2,1,2,25,169,82,0.53,0,102,7,4,1,1,1,0,1,0,0,1,1,0,1,0,2,82.3,6.13,30.1
4,4201.5,1,2,1,1,31,765,92,0.62,1,123,8,4,1,1,1,0,1,1,0,2,1,1,0,0,10,100.0,15.67,282.0
1,1207.5,1,0,0,0,35,1182,560,0.65,1,59,12,2,1,1,0,0,0,0,0,1,0,0,1,0,11,66.0,4.96,28.5
3,598.4,0,1,0,0,63,1072,219,0.67,0,178,20,3,1,1,0,1,0,0,1,1,0,0,1,0,18,90.5,16.05,68.0
3,2490.6,1,4,1,1,3,16,3,0.7,0,179,0,3,1,1,0,0,1,0,1,2,1,0,1,0,5,94.7,19.67,200.6
1,568.2,0,0,0,0,45,1082,312,0.53,0,62,13,3,1,1,0,1,0,0,0,1,0,0,1,0,13,53.9,3.82,24.8
3,572.1,1,2,1,0,36,621,276,0.56,0,201,16,3,1,1,0,0,1,0,1,2,0,0,1,0,13,99.7,21.03,184.4
1,643.9,0,2,1,0,15,485,62,0.61,0,95,6,4,1,1,1,0,1,0,0,1,0,1,0,0,17,80.2,5.37,116.1
1,641.4,0,1,1,2,4,24,9,0.56,0,103,1,3,1,1,1,0,0,0,0,1,1,0,1,0,5,78.9,7.68,63.7
0,61.9,0,0,0,1,34,255,67,0.72,0,51,8,3,1,1,1,0,0,0,0,1,0,1,0,0,7,66.8,4.09,69.8
5,1153.2,0,1,0,0,1,75,33,0.82,0,65,0,3,1,1,1,0,0,0,0,2,0,0,1,0,13,73.7,7.4,32.4
0,483.6,0,0,0,2,38,82,29,0.61,0,42,7,2,1,0,1,0,0,0,0,2,0,0,0,0,12,64.6,3.96,46.5
1,1003.8,0,0,0,0,40,248,42,0.7,0,97,11,2,1,1,0,0,0,1,0,1,0,0,1,0,8,60.2,4.75,17.1
0,456.2,0,3,0,2,9,378,97,0.86,0,51,1,3,1,1,0,0,1,0,0,1,1,1,0,0,15,38.0,3.33,94.4
0,185.1,0,4,1,0,37,592,135,0.71,0,61,16,3,1,1,0,0,1,0,0,1,1,0,1,0,23,54.2,2.74,17.5
3,368.2,0,4,1,1,78,245,38,0.52,1,158,16,4,1,1,0,1,1,1,0,1,1,0,1,0,11,100.0,10.76,105.3
2,99.0,0,0,1,1,5,29,7,0.65,0,164,1,4,1,1,1,1,0,0,0,2,0,0,1,0,8,92.3,7.51,45.8
3,2390.5,0,4,1,2,47,726,282,0.88,1,229,16,5,1,1,1,1,1,1,0,1,1,0,1,0,12,86.7,14.44,128.2
5,2909.8,1,2,1,0,2,8,1,0.72,1,46,0,5,1,1,1,1,1,0,1,2,0,0,1,0,14,96.5,16.45,93.6
0,73.7,0,2,1,1,19,38,7,0.56,0,62,5,4,1,1,0,1,1,1,0,1,0,0,1,1,12,97.9,5.34,57.7
3,1109.3,0,1,0,0,66,261,30,0.51,0,235,0,2,1,0,0,1,0,1,0,2,0,0,1,0,10,72.5,12.43,45.9
5,1678.7,0,0,0,1,16,120,34,0.6,1,43,0,2,1,0,0,0,1,0,0,1,0,0,1,1,9,66.9,10.42,36.6
4,221.5,0,2,1,0,2,82,21,0.87,0,96,0,5,1,1,1,1,1,0,1,2,1,0,1,0,3,100.0,17.25,206.5
2,35.3,0,2,1,0,8,940,188,0.51,0,157,2,5,1,1,1,1,1,0,0,1,0,1,0,0,10,71.0,8.96,175.6
4,1352.1,0,4,1,0,4,80,22,0.55,0,106,1,4,1,1,0,1,1,0,1,2,0,0,1,1,10,100.0,15.62,329.3
1,901.9,0,2,1,2,11,892,391,0.93,1,66,1,4,1,1,1,0,1,1,0,1,0,0,1,0,12,100.0,5.84,79.0
1,1280.1,0,2,1,0,57,928,427,0.9,1,77,8,3,1,1,0,0,1,0,0,1,1,0,1,0,10,74.9,5.51,28.1
3,2791.4,0,0,0,0,2,1114,188,0.87,0,145,0,3,1,1,1,0,0,0,1,1,0,0,1,0,6,76.9,13.79,105.3
2,82.3,0,0,0,0,38,970,484,0.92,0,162,8,3,1,1,1,0,0,0,0,2,0,0,1,0,8,48.0,3.77,6.8
4,2193.0,0,0,1,2,85,1382,492,0.58,0,123,36,4,1,1,1,1,0,0,1,1,1,0,1,0,11,97.9,20.42,160.9
2,129.8,0,1,0,1,37,988,410,0.6,0,152,11,4,1,1,1,0,1,0,0,1,0,0,1,0,10,70.8,3.84,7.1
4,2921.2,0,4,1,2,82,1678,277,0.87,0,94,18,5,1,1,1,1,1,0,0,3,0,0,1,0,14,97.0,14.75,55.2
2,665.7,1,1,0,0,18,33,13,0.69,0,147,6,2,1,1,0,0,0,1,0,1,0,0,1,0,8,72.9,6.14,9.0
1,1915.0,0,3,0,0,17,1128,303,0.8,0,99,6,4,1,1,1,0,1,1,0,1,0,0,1,0,5,80.9,6.33,43.9
5,2688.3,1,1,0,0,24,514,194,0.67,0,54,4,4,1,1,1,1,0,0,0,1,0,1,0,0,15,87.1,12.81,233.3
1,245.0,0,2,1,1,3,53,26,0.81,0,99,1,4,1,1,1,0,1,1,0,3,1,0,1,0,7,83.9,6.45,51.1
4,1622.6,0,1,0,0,78,69,18,0.61,0,85,21,3,1,1,0,1,0,0,0,1,0,0,0,0,3,78.0,13.81,144.2
0,320.0,0,2,1,0,31,715,259,0.64,1,44,5,4,1,1,0,1,1,0,0,1,1,0,1,0,12,37.2,1.06,9.7
0,400.5,0,4,1,0,1,27,8,0.9,0,62,0,4,1,1,1,0,1,0,0,3,1,0,1,0,9,83.5,4.69,17.5
0,218.2,0,0,0,1,4,477,153,0.94,0,46,0,4,1,1,1,0,1,0,0,1,1,0,1,0,8,50.8,3.54,10.3
3,2648.1,0,2,1,2,10,238,37,0.59,0,258,2,4,1,1,0,1,1,0,1,2,1,0,1,0,9,100.0,14.3,169.1
1,1540.1,1,2,1,2,1,1121,139,0.88,0,74,0,4,1,1,1,0,1,0,0,3,1,0,1,0,10,70.4,5.54,62.2
4,4479.6,0,3,0,2,37,1063,491,0.88,0,80,8,4,1,1,1,1,0,0,0,1,0,0,1,0,10,97.0,19.17,52.7
2,553.9,0,2,1,0,43,266,119,0.83,0,156,11,4,1,1,1,0,1,1,0,2,1,0,1,0,14,69.5,3.76,13.9
0,245.8,0,2,1,1,25,732,147,0.62,0,59,8,4,1,1,1,0,1,0,0,1,1,0,1,0,4,52.6,3.78,18.2
1,108.7,0,2,1,0,1,6,1,0.58,1,59,0,3,1,1,0,0,1,1,0,1,1,0,1,1,14,87.1,6.72,63.3
0,245.6,0,1,0,1,1,80,24,0.52,0,47,0,3,1,1,1,0,0,0,0,1,0,0,1,0,17,70.0,4.25,19.9
4,4177.1,0,2,1,1,3,100,33,0.7,1,71,1,4,1,1,1,0,1,1,0,2,0,1,0,0,17,100.0,13.18,161.8
3,2961.7,1,2,1,2,25,890,238,0.59,0,185,9,5,1,1,1,1,1,0,0,2,0,0,1,1,15,100.0,16.96,239.5
0,311.0,0,0,0,0,1,21,5,0.82,0,48,0,2,1,1,0,0,0,1,0,2,0,1,0,0,15,65.7,6.57,76.2
3,2810.1,0,2,1,1,5,28,11,0.54,0,240,1,5,1,1,1,1,1,0,1,2,1,0,1,1,11,100.0,14.0,434.7
1,1769.2,0,0,0,1,1,1193,186,0.88,0,95,0,3,1,1,0,0,1,0,0,1,1,0,1,0,10,50.5,5.13,22.9
0,475.8,0,3,0,0,4,71,25,0.91,0,39,0,3,1,1,1,0,0,1,0,1,0,0,0,0,20,52.7,4.36,100.8
1,178.5,0,0,1,1,6,655,114,0.54,0,91,0,2,1,0,0,0,1,1,0,1,1,0,0,1,12,100.0,5.42,134.3
5,843.6,0,0,0,1,27,1147,377,0.89,0,46,6,2,1,0,1,0,0,0,1,1,0,0,1,0,16,83.0,13.65,35.5
0,109.1,0,3,0,1,2,13,3,0.63,0,58,0,3,1,1,1,0,0,1,0,1,0,0,1,0,7,65.7,4.31,37.8
4,2087.6,0,0,0,0,41,1648,314,0.91,0,107,16,5,1,1,1,1,1,0,0,1,0,0,1,0,16,78.2,14.06,38.2
3,2143.6,0,2,1,0,3,18,2,0.78,0,143,1,5,1,1,1,1,1,0,1,3,1,0,1,0,12,91.6,13.98,227.3
4,4046.7,0,4,1,0,90,1936,257,0.58,1,74,17,4,1,1,1,0,1,0,0,2,1,0,1,0,4,100.0,12.53,65.0
2,72.4,0,0,0,0,3,983,426,0.54,0,122,0,3,1,1,0,1,0,0,0,1,0,0,0,0,13,61.2,6.38,44.2
1,143.9,0,2,1,0,57,449,121,0.73,0,92,9,4,1,1,1,0,1,1,0,1,1,0,1,0,15,90.6,6.17,99.6
1,1921.7,0,1,0,1,37,36,12,0.68,0,99,14,3,1,1,1,0,0,1,0,1,0,1,0,0,4,76.4,4.86,145.3
1,1162.0,0,4,1,1,2,86,20,0.5,0,103,0,3,1,1,0,0,1,1,0,2,1,0,1,0,13,76.7,4.52,33.9
0,474.0,0,1,0,1,3,369,72,0.79,0,51,0,2,1,1,0,0,0,1,0,1,0,0,1,0,9,50.4,3.76,26.8
1,315.4,0,1,0,2,5,59,13,0.68,0,96,1,2,1,1,0,0,0,0,0,2,0,0,1,0,12,55.4,5.41,10.1
0,135.4,0,4,1,0,2,17,6,0.77,0,37,0,4,1,1,0,1,1,0,0,2,0,0,1,1,14,42.7,2.25,26.1
3,713.2,0,1,0,0,7,705,329,0.72,0,223,2,3,1,1,1,0,0,0,0,2,0,0,1,0,9,89.4,6.4,48.9
0,403.8,0,1,0,0,35,135,47,0.88,0,54,6,4,1,0,1,1,1,0,0,2,1,1,0,0,13,49.7,3.44,33.6
5,1774.1,0,2,1,0,9,908,271,0.88,1,73,2,3,1,1,0,0,1,0,1,1,0,0,1,1,18,76.1,11.12,94.7
1,1596.4,1,0,0,1,6,861,321,0.87,0,59,1,3,1,1,1,0,0,1,0,1,0,0,1,0,13,61.2,10.35,100.1
1,1932.5,0,0,0,2,57,764,372,0.69,0,74,24,3,1,1,0,0,1,1,0,1,0,1,0,1,13,61.8,10.47,115.1
3,971.5,1,2,1,0,2,21,9,0.67,0,240,0,5,1,1,1,1,1,0,0,1,1,0,1,0,13,100.0,21.67,222.4
4,4442.8,1,4,1,0,11,1357,461,0.81,0,82,2,4,1,1,0,1,1,0,1,3,0,0,1,0,18,94.8,20.59,345.7
3,686.7,0,3,0,0,4,98,25,0.81,0,199,1,3,1,0,1,1,0,0,1,2,0,1,0,0,14,89.2,17.02,520.0
3,795.8,0,1,0,0,3,52,5,0.81,1,179,1,3,1,1,0,1,0,0,1,1,0,0,0,0,9,93.8,14.95,207.3
2,311.2,0,4,1,0,4,20,9,0.63,0,190,1,4,1,1,1,0,1,1,0,2,1,0,1,0,8,60.3,3.75,43.4
3,1413.1,0,4,1,0,22,300,141,0.54,0,193,9,4,1,1,0,1,1,0,0,1,1,0,1,0,11,93.7,12.89,63.9
0,137.3,0,2,1,2,22,764,327,0.6,0,48,7,4,1,1,0,1,1,0,0,1,0,0,1,0,9,45.7,1.8,7.3
1,1853.8,0,2,1,0,31,374,146,0.53,1,78,12,4,1,1,1,0,1,0,0,2,1,0,0,1,13,92.0,5.63,234.5
2,139.9,1,0,0,1,16,357,53,0.67,0,179,6,3,1,1,1,0,0,0,0,1,0,0,1,0,8,71.8,5.3,9.3
4,4478.7,0,2,1,0,5,971,251,0.91,0,97,1,4,1,1,1,0,1,0,0,1,0,0,1,0,8,100.0,14.12,86.6
1,823.0,0,0,1,0,60,546,171,0.62,0,65,16,2,1,1,0,0,0,0,0,1,1,0,1,0,14,62.5,3.79,43.1
2,736.5,0,2,1,0,3,56,6,0.58,0,194,0,4,1,1,0,1,1,0,0,3,1,0,0,0,15,70.4,5.49,69.1
4,1430.6,0,3,0,2,1,33,13,0.58,0,100,0,4,1,1,1,1,0,0,0,1,0,0,1,0,8,84.2,12.87,73.5
2,257.9,0,2,1,1,44,355,82,0.62,0,165,14,5,1,1,1,1,1,1,0,1,1,0,1,1,5,100.0,6.33,107.3
1,379.0,0,4,1,1,4,84,21,0.74,0,75,1,4,1,1,1,0,1,0,0,1,1,1,0,1,9,84.1,8.28,189.8
1,1929.5,0,3,0,1,20,395,44,0.73,0,83,5,3,1,1,1,0,0,0,0,1,0,0,1,0,11,64.3,4.93,20.5
2,648.0,0,0,0,1,28,513,133,0.76,0,188,11,3,1,1,0,0,1,1,0,1,0,0,1,0,11,69.5,2.27,10.8
2,28.2,0,4,1,0,5,88,21,0.76,0,133,0,5,1,1,1,1,1,0,0,2,1,0,0,0,9,82.4,5.48,35.7
1,202.8,0,0,0,0,3,38,17,0.92,0,66,1,3,1,1,1,0,0,0,0,1,0,0,1,0,4,83.8,7.14,25.7
2,201.5,0,4,1,0,10,234,27,0.65,0,159,2,4,1,1,1,0,1,1,0,2,1,0,1,0,10,85.8,4.81,31.7
3,557.3,0,0,1,0,4,52,12,0.86,1,233,0,3,1,0,0,1,1,0,0,1,1,0,0,0,5,85.7,13.09,114.7
0,79.3,0,2,1,2,31,7,2,0.69,0,62,10,5,1,1,1,1,1,0,0,2,0,0,1,1,13,62.2,5.44,36.9
0,33.5,0,0,0,0,7,24,5,0.8,0,47,2,2,1,0,1,0,0,0,0,1,0,0,1,0,12,63.0,4.02,17.8
2,791.0,0,1,0,0,19,70,20,0.58,1,123,4,3,1,1,0,0,1,0,0,1,0,0,1,0,15,48.8,1.89,8.5
1,873.1,0,4,1,2,2,47,12,0.95,0,98,0,4,1,1,1,0,1,0,0,1,1,0,1,1,10,85.5,5.7,73.9
2,122.2,0,4,1,2,48,600,193,0.62,0,126,10,4,1,1,0,1,1,0,0,2,1,0,1,0,10,96.3,6.87,22.7
2,649.5,0,1,0,0,17,681,308,0.71,0,114,7,3,1,0,1,0,1,1,0,1,1,0,1,0,13,65.7,3.93,11.4
4,345.2,0,3,0,1,5,93,22,0.68,0,112,2,3,1,1,0,0,1,0,0,1,0,0,1,0,13,64.1,8.62,17.7
0,399.3,0,2,1,0,4,690,321,0.94,1,60,1,4,1,1,0,1,1,0,0,1,1,0,1,0,9,58.4,1.97,18.6
0,350.3,0,0,0,0,12,172,18,0.89,1,38,2,2,1,1,0,0,0,1,0,2,0,0,1,0,14,70.6,5.04,15.0
2,594.6,1,0,0,0,1,282,80,0.86,1,138,0,4,1,1,1,0,1,0,0,1,1,0,1,0,8,66.8,5.38,19.0
4,3539.8,1,0,0,0,21,1877,457,0.57,0,123,5,3,1,1,0,1,0,0,1,1,0,0,0,0,8,94.6,17.92,191.9
2,740.0,0,2,1,0,4,27,11,0.83,0,190,0,5,1,1,1,1,1,0,0,3,1,0,1,0,10,78.6,5.51,31.2
0,62.4,0,0,0,2,2,17,8,0.58,1,57,0,3,1,1,1,0,0,0,0,1,0,1,0,0,12,43.9,5.68,45.9
1,264.0,0,1,0,1,33,1029,284,0.74,0,71,8,3,1,1,1,0,0,1,0,1,0,1,0,0,14,71.6,8.68,104.0
0,98.3,0,1,0,0,19,755,222,0.73,0,58,6,4,1,1,1,0,1,1,0,1,1,0,1,0,13,64.1,3.34,29.4
2,494.2,0,0,0,1,1,12,1,0.92,0,153,0,3,1,1,0,0,1,0,0,1,0,0,1,0,10,43.9,1.98,9.1
0,142.4,0,2,1,0,4,466,120,0.81,1,48,1,5,1,1,1,1,1,0,0,2,0,0,1,0,16,55.1,2.73,37.7
0,339.9,0,1,0,0,7,5,2,0.59,0,58,1,2,1,1,0,0,0,0,0,2,0,0,1,0,15,48.3,1.45,4.1
0,449.9,0,1,0,1,1,59,23,0.83,0,40,0,2,1,1,0,0,0,0,0,1,0,0,0,0,14,58.0,2.27,61.1
1,1915.2,1,0,0,1,1,96,41,0.57,0,73,0,1,1,0,0,0,0,0,0,1,0,0,1,0,15,52.0,5.32,11.5
4,3122.0,0,3,0,0,78,56,15,0.78,1,107,21,3,1,0,1,1,0,0,0,1,0,0,1,0,15,82.0,19.88,75.1
2,627.7,0,0,1,2,8,425,121,0.63,0,189,2,2,1,1,0,0,0,0,0,1,1,0,1,0,11,57.9,2.5,11.5
0,152.1,1,1,1,2,26,414,89,0.77,1,60,5,2,1,1,0,0,0,1,0,1,0,0,1,1,8,72.8,6.44,105.7
0,275.0,0,3,0,0,24,18,2,0.6,0,56,9,2,1,1,0,0,0,1,0,1,0,1,0,0,20,67.8,5.45,74.6
0,386.0,0,2,1,0,34,488,80,0.9,0,35,11,4,1,1,1,0,1,0,0,3,1,0,0,0,15,61.0,2.61,51.0
1,584.8,0,4,1,1,5,60,26,0.56,0,92,1,3,1,1,0,0,1,0,0,1,1,0,1,0,8,61.8,5.57,13.9
1,107.3,0,1,0,0,2,45,4,0.87,0,69,0,3,1,1,1,0,0,1,0,2,0,0,1,0,11,65.0,4.87,58.5
3,1243.7,0,2,1,1,70,514,178,0.75,0,178,17,4,1,1,0,1,1,0,1,1,1,0,1,0,8,100.0,13.05,88.2
3,1167.9,1,1,0,0,3,86,15,0.85,0,244,1,4,1,1,1,1,0,1,1,1,0,0,1,0,14,80.9,19.11,242.4
2,215.4,0,0,0,1,5,81,39,0.69,1,147,1,4,1,1,1,1,0,1,0,1,0,0,0,1,15,91.1,5.17,80.1
3,454.5,0,3,0,1,62,395,85,0.89,0,228,17,3,1,1,0,1,0,0,0,1,0,0,1,0,13,74.1,11.03,76.5
2,175.8,0,2,1,0,1,73,24,0.65,0,106,0,3,1,1,0,0,1,0,0,2,1,0,1,1,16,74.8,4.18,19.0
3,954.9,0,4,1,1,63,682,241,0.76,0,155,19,4,1,1,0,1,1,0,0,3,1,0,1,0,13,97.5,8.89,58.0
4,4118.0,0,2,1,1,3,17,7,0.86,0,99,1,3,1,1,0,0,1,0,1,1,0,0,1,0,11,100.0,18.28,106.1
3,430.8,0,0,0,0,74,1300,569,0.88,0,209,19,2,1,1,0,0,0,0,0,1,0,0,1,0,9,80.8,5.74,40.4
0,317.7,0,1,0,2,8,594,116,0.76,1,63,2,3,1,1,0,1,0,0,0,1,0,0,1,1,8,65.5,3.06,13.7
0,348.1,0,2,1,0,3,94,39,0.74,0,57,0,4,1,1,1,0,1,1,0,1,0,0,1,1,13,71.5,4.92,64.0
3,1068.2,0,0,1,1,73,390,94,0.86,1,185,0,2,1,0,0,0,1,0,1,1,1,0,1,0,18,100.0,11.97,96.7
2,343.2,0,0,0,0,40,718,204,0.93,0,123,12,4,1,1,1,0,1,0,0,1,1,0,1,1,14,79.4,5.33,19.7
0,76.3,0,2,1,0,5,34,11,0.86,0,52,1,4,1,1,1,0,1,0,0,3,0,0,1,0,15,65.9,2.13,19.6
3,1752.0,1,2,1,0,43,1111,443,0.7,0,154,9,3,1,1,0,0,1,0,0,2,0,0,0,1,14,93.9,12.99,216.1
1,1032.6,0,1,0,0,1,524,72,0.82,0,85,0,3,1,1,1,0,0,0,0,1,0,0,1,0,3,88.5,4.45,21.8
4,725.8,1,0,0,1,1,559,225,0.53,1,111,0,5,1,1,1,1,1,0,1,1,0,0,1,0,13,95.1,23.27,118.5
1,991.3,0,3,1,2,12,373,92,0.95,0,94,2,3,1,1,0,1,0,0,0,2,1,0,1,0,16,86.2,3.04,33.3
5,985.9,0,3,1,2,2,55,25,0.69,1,62,0,5,1,1,1,1,1,0,1,1,1,0,1,1,12,100.0,20.41,83.3
0,236.1,0,0,1,2,10,195,28,0.86,0,61,3,3,1,1,0,1,0,1,0,2,1,0,1,1,14,78.7,4.44,35.4
4,2094.6,0,3,0,2,2,80,16,0.54,0,124,0,4,1,1,1,1,0,0,1,1,0,0,1,1,4,93.4,14.45,257.2
1,870.3,0,0,0,0,3,93,22,0.74,1,57,0,4,1,1,1,1,0,0,0,1,0,0,1,0,15,63.3,6.3,48.4
2,437.0,0,0,0,1,14,479,120,0.53,1,152,3,3,1,1,1,0,0,0,0,2,0,0,0,0,1,57.9,2.78,43.3
3,1523.0,0,2,1,1,17,414,171,0.94,0,172,4,5,1,1,1,1,1,1,0,3,0,0,0,1,15,100.0,13.36,322.9
2,167.4,0,2,1,1,25,259,108,0.83,0,145,8,3,1,1,0,0,1,0,0,1,0,1,0,1,12,38.1,3.84,157.6
2,551.6,0,4,1,1,20,561,278,0.93,0,182,6,3,1,1,0,0,1,0,0,2,1,0,1,0,14,44.9,2.7,6.2
1,1384.4,1,0,0,1,17,685,205,0.84,0,70,7,3,1,1,1,0,0,1,0,1,0,0,1,0,17,67.8,5.75,71.8
1,920.6,0,1,0,0,1,22,8,0.74,1,80,0,2,1,1,0,0,0,1,0,2,0,0,1,1,22,82.0,9.04,63.7
2,283.9,0,3,1,1,1,306,41,0.78,0,155,0,2,1,1,0,0,0,0,0,1,1,0,0,0,4,62.7,1.85,14.1
2,455.9,0,2,1,1,34,151,42,0.51,0,172,6,4,1,1,1,0,1,1,0,1,1,0,1,1,18,61.8,5.66,79.7
0,360.5,1,1,0,1,2,23,11,0.69,0,54,0,3,1,1,1,0,0,0,0,1,0,0,1,0,13,43.7,5.93,12.9
1,652.8,0,0,0,1,12,817,229,0.5,0,76,4,4,1,1,1,0,1,0,0,1,0,0,1,0,8,88.0,7.74,42.4
3,2787.1,0,1,1,1,47,40,4,0.94,1,201,0,1,1,0,0,0,0,0,0,1,1,0,1,0,8,81.5,8.87,22.6
0,440.6,0,2,1,1,2,414,150,0.62,0,59,0,3,1,1,0,0,1,1,0,2,1,0,1,0,15,82.0,3.3,26.3
4,1244.2,1,4,1,1,52,541,241,0.51,0,118,23,4,1,1,0,1,1,0,0,1,1,0,1,0,10,100.0,15.33,140.1
0,162.4,0,2,1,0,7,613,170,0.87,0,62,1,4,1,1,1,0,1,0,0,3,1,0,1,1,12,62.8,2.7,62.5
2,88.1,0,1,0,0,49,57,22,0.62,0,130,21,3,1,1,0,1,0,0,0,1,0,0,0,0,11,73.1,5.87,59.6
0,175.5,0,2,1,2,4,737,140,0.55,0,47,1,4,1,1,1,0,1,0,0,2,1,1,0,1,13,85.1,5.02,194.3
0,420.4,1,3,0,2,33,37,3,0.79,0,43,0,1,1,0,0,0,0,1,0,1,0,0,1,0,14,54.0,6.2,38.0
1,1538.7,0,3,0,2,60,756,286,0.92,0,60,9,4,1,1,1,0,1,0,0,1,1,0,1,0,16,72.2,4.46,25.4
2,297.5,0,4,1,0,19,559,247,0.73,0,105,8,3,1,1,0,0,1,0,0,1,1,0,1,0,5,58.7,3.35,13.4
1,189.0,0,0,0,2,3,75,10,0.5,1,61,1,2,1,1,0,0,0,1,0,1,0,0,0,0,15,67.6,7.65,76.3
5,815.7,0,0,0,0,37,1029,311,0.65,0,55,15,3,1,1,0,1,0,0,1,2,0,0,1,0,8,86.8,8.46,65.9
0,395.5,0,1,0,0,4,517,147,0.66,0,57,1,2,1,1,0,0,0,0,0,1,0,1,0,0,8,52.6,3.47,65.0
0,421.9,0,4,1,1,4,28,9,0.88,0,48,1,4,1,1,1,0,1,1,0,2,1,0,1,0,11,72.9,3.41,57.4
1,1889.0,1,2,1,0,27,71,29,0.73,0,103,8,3,1,1,0,0,1,0,0,1,1,0,1,0,9,59.5,4.33,29.4
0,242.4,0,0,0,0,4,759,219,0.77,0,56,1,2,1,1,0,0,0,0,0,1,0,0,1,0,5,55.5,1.32,9.5
0,98.7,0,3,1,0,32,441,151,0.94,1,39,12,3,1,1,0,0,1,1,0,1,1,0,1,0,16,88.0,3.47,23.7
0,96.1,0,0,1,0,3,28,10,0.62,0,36,0,2,1,1,0,0,0,1,0,1,1,0,0,0,12,73.0,5.61,100.0
4,1777.9,1,0,1,1,3,61,16,0.61,0,102,1,3,1,1,0,1,0,0,1,1,1,0,1,0,7,100.0,14.21,279.4
2,187.6,0,0,0,0,28,65,9,0.69,0,140,6,3,1,1,0,1,0,1,0,2,0,0,1,0,11,81.6,4.69,28.8
1,1510.4,0,3,0,0,1,74,7,0.82,1,102,0,2,1,1,0,0,0,1,0,2,0,0,1,0,11,72.9,7.38,20.0
3,2658.1,1,2,1,1,3,13,1,0.86,0,236,0,5,1,1,1,1,1,1,1,1,1,0,1,1,16,97.7,26.53,508.7
1,1577.6,0,1,0,2,42,482,71,0.87,0,92,7,4,1,1,1,0,1,1,0,2,1,0,1,0,16,61.7,7.52,56.0
1,311.1,0,0,0,0,42,200,65,0.91,0,103,7,3,1,1,0,0,1,0,0,1,1,0,1,0,11,61.9,3.4,11.3
2,344.6,0,3,1,0,2,9,2,0.57,0,152,0,3,1,1,1,0,0,0,0,1,1,0,1,0,10,56.9,4.62,11.9
1,69.4,0,1,0,1,9,544,155,0.94,0,91,3,3,1,1,0,1,0,1,0,1,0,0,1,0,8,57.8,4.61,31.4
5,2802.1,0,0,0,1,57,490,197,0.77,0,57,10,2,1,1,0,0,0,0,1,2,0,0,1,0,11,83.3,11.11,20.8
2,707.9,0,0,0,1,12,23,9,0.62,0,164,4,2,1,1,0,0,0,0,0,1,0,0,1,0,13,62.3,2.41,9.0
0,395.0,0,2,1,0,20,462,78,0.69,0,42,4,4,1,1,1,0,1,1,0,1,1,0,0,0,8,86.9,3.04,49.3
0,331.0,0,3,0,0,12,73,21,0.63,1,56,4,3,1,1,1,0,0,1,0,1,0,0,1,0,20,72.8,3.15,28.1
2,136.7,0,0,0,0,4,40,10,0.92,0,179,0,3,1,1,0,1,0,0,0,1,0,0,1,0,10,81.8,7.9,20.9
0,15.1,0,2,1,2,4,19,1,0.92,0,43,0,4,1,1,1,0,1,1,0,1,0,0,1,0,8,62.2,4.31,21.7
3,670.2,0,0,0,0,24,1287,630,0.87,0,237,7,2,1,1,0,0,0,0,0,1,0,0,1,0,9,58.0,9.29,30.1
1,1151.0,1,0,0,2,3,59,24,0.86,0,74,0,3,1,1,1,0,0,0,0,1,0,1,0,0,13,89.9,8.21,138.1
3,1595.6,0,0,0,0,3,35,7,0.77,1,235,0,3,1,1,0,0,1,0,1,1,0,0,1,0,6,85.7,11.76,53.7
2,185.5,0,4,1,0,17,922,244,0.71,0,139,3,5,1,1,1,1,1,1,0,1,1,0,1,0,8,92.3,6.21,64.4
0,375.8,0,4,1,0,36,399,43,0.94,0,57,10,4,1,1,1,0,1,0,0,1,1,0,1,0,14,47.5,3.01,30.2
0,204.2,0,1,0,0,37,662,140,0.54,1,50,11,3,1,1,1,0,0,0,0,1,0,0,1,0,23,51.5,3.52,17.3
3,1465.1,1,1,1,2,42,54,23,0.79,0,156,7,3,1,1,1,0,0,0,0,2,0,1,0,0,3,86.5,12.71,488.8
0,466.2,0,0,0,1,1,76,12,0.82,0,58,0,1,1,0,0,0,0,1,0,1,0,0,1,0,17,57.0,5.32,11.2
2,666.1,0,1,0,0,5,93,10,0.63,0,159,1,4,1,1,0,1,1,0,0,1,0,0,1,0,12,69.5,4.11,17.7
1,554.0,0,3,1,0,5,964,375,0.55,0,97,0,2,1,1,0,0,0,0,0,1,0,0,1,0,11,90.4,4.9,20.1
0,381.7,0,0,0,1,4,11,5,0.94,0,43,1,2,1,1,0,0,0,0,0,1,0,0,1,0,13,30.9,1.1,9.9
1,834.1,0,0,0,0,34,1049,381,0.93,0,64,11,3,1,1,1,0,0,1,0,1,0,0,1,0,10,62.7,6.53,37.0
3,2665.2,0,0,0,1,4,29,10,0.9,0,166,1,4,1,1,0,1,1,0,1,1,1,0,1,0,13,88.0,13.05,102.6
2,151.1,0,4,1,0,2,63,15,0.5,0,128,0,3,1,1,0,0,1,1,0,2,1,0,1,0,2,83.7,4.47,8.7
4,1538.9,0,1,0,1,100,1938,409,0.51,0,94,36,3,1,1,0,0,1,0,0,2,1,0,1,0,10,85.2,9.2,24.6
0,263.7,0,4,1,1,19,604,78,0.67,0,59,8,4,1,1,1,0,1,0,0,1,1,0,1,0,9,72.8,4.57,17.1
2,141.0,0,2,1,0,39,678,290,0.76,0,176,14,4,1,1,1,0,1,1,0,3,1,0,0,0,18,62.8,2.74,68.3
4,1923.6,0,2,1,0,25,1575,535,0.57,1,70,3,5,1,1,1,1,1,0,1,2,0,0,1,1,20,100.0,14.67,398.4
0,427.9,0,2,1,1,5,83,26,0.79,0,46,0,4,1,1,1,0,1,1,0,3,1,0,1,0,22,89.9,5.36,22.4
1,406.2,0,0,1,0,53,1126,527,0.94,1,103,13,2,1,1,0,0,0,0,0,1,1,0,1,0,9,87.8,4.6,17.2
1,1876.1,0,3,0,2,32,537,79,0.57,0,59,6,3,1,1,1,0,0,0,0,1,0,0,1,0,10,69.5,6.64,29.2
5,312.5,0,0,0,0,47,155,52,0.73,1,58,9,4,1,1,1,1,0,0,0,1,0,0,1,0,13,90.3,15.32,104.5
0,392.1,0,4,1,0,21,83,34,0.77,0,53,9,3,1,1,0,0,1,0,0,2,0,0,0,0,9,63.9,2.38,47.9
2,221.7,0,2,1,1,4,38,7,0.86,0,137,1,4,1,1,1,0,1,0,0,1,1,0,1,0,12,62.0,2.35,22.7
4,4025.7,0,3,0,1,4,55,22,0.85,0,72,1,3,1,1,1,0,0,0,1,1,0,0,1,1,0,98.8,26.73,181.1
0,84.3,0,2,1,0,1,29,9,0.71,0,35,0,4,1,1,1,0,1,0,0,3,1,0,1,0,16,82.2,4.72,34.3
4,4962.8,1,4,1,0,11,198,35,0.89,1,93,1,3,1,1,0,0,1,0,0,3,0,0,1,0,9,85.9,11.19,32.5
0,339.4,0,0,0,0,4,549,203,0.81,1,54,0,3,1,1,1,0,0,0,0,1,0,0,1,0,15,42.2,3.33,15.2
0,292.5,0,2,1,1,1,22,8,0.53,0,35,0,3,1,1,0,0,1,1,0,1,1,0,1,1,11,94.1,4.91,59.7
1,511.2,0,2,1,0,1,453,151,0.77,0,58,0,3,1,1,0,0,1,1,0,1,1,0,1,0,7,85.3,6.96,25.9
2,459.1,0,4,1,0,23,944,402,0.72,0,133,9,3,1,1,0,0,1,0,0,1,1,0,1,1,13,64.1,4.64,11.4
5,460.6,1,3,0,1,39,769,122,0.72,0,53,10,2,1,1,0,0,0,0,1,1,0,0,1,0,16,84.1,6.87,49.4
1,1734.2,1,0,0,0,44,194,52,0.86,0,58,13,4,1,1,0,1,1,0,0,1,1,0,1,1,15,67.3,6.3,36.8
0,368.6,0,2,1,0,34,657,216,0.68,0,63,13,3,1,1,0,0,1,0,0,1,1,0,1,0,21,41.9,1.81,10.4
0,139.3,0,0,0,1,6,560,115,0.88,0,38,1,3,1,1,0,1,0,1,0,1,0,0,1,0,3,60.8,3.08,19.3
3,1850.7,0,1,0,0,59,780,270,0.77,1,159,17,2,1,0,1,0,0,0,1,1,0,0,1,0,12,93.7,11.89,49.6
1,514.7,0,4,1,2,32,154,52,0.74,0,56,11,4,1,1,1,0,1,1,0,1,0,0,1,1,9,88.1,6.23,60.9
5,1748.3,0,1,0,0,41,318,148,0.72,0,49,17,4,1,1,0,1,1,0,1,1,0,0,1,0,4,88.1,12.14,72.0
3,1486.6,0,1,0,0,1,86,24,0.82,0,155,0,5,1,1,1,1,1,0,1,1,1,0,1,0,9,75.4,13.97,119.4
2,348.1,0,1,0,2,41,872,364,0.92,0,176,17,2,1,1,0,0,0,1,0,1,0,0,1,0,11,53.5,4.19,11.7
1,1069.3,1,1,0,2,5,45,19,0.51,0,89,1,2,1,1,0,0,0,0,0,1,0,0,0,0,8,62.5,4.77,67.7
0,362.1,0,1,1,0,4,60,23,0.94,0,39,0,1,1,0,0,0,0,0,0,1,1,0,1,1,8,37.7,0.94,17.4
1,949.1,0,3,0,2,5,42,5,0.73,0,59,1,2,1,1,0,0,0,0,0,2,0,0,1,0,11,57.7,5.09,21.2
1,1946.3,0,4,1,0,1,84,37,0.7,0,94,0,3,1,1,0,0,1,0,0,2,1,0,1,0,13,76.2,3.15,26.9
2,291.5,0,0,0,0,7,994,167,0.71,0,105,1,2,1,1,0,0,0,0,0,2,0,0,1,0,8,48.2,2.62,8.7
3,1302.7,0,4,1,1,26,422,131,0.91,0,142,9,4,1,1,1,0,1,0,1,3,1,0,1,1,5,100.0,19.12,314.1
1,1049.8,0,0,0,1,5,6,2,0.69,1,85,1,3,1,1,0,0,1,0,0,1,0,0,1,1,13,85.3,6.24,61.0
0,112.8,0,1,0,1,3,68,24,0.93,0,55,1,4,1,1,1,0,1,1,0,2,0,0,0,0,15,68.8,4.75,67.7
4,821.0,0,2,1,0,3,24,2,0.54,0,109,0,3,1,1,0,0,1,0,1,1,1,0,1,1,7,100.0,20.44,264.6
1,442.9,0,1,0,1,11,889,99,0.79,0,74,3,3,1,1,1,0,0,0,0,1,0,0,1,0,5,73.8,5.12,44.4
1,54.9,0,0,0,0,4,51,21,0.75,0,82,1,3,1,1,1,0,0,1,0,1,0,0,1,0,4,87.8,7.73,27.4
1,1268.1,0,0,1,2,4,1140,241,0.71,0,71,0,3,1,1,1,0,0,0,0,2,1,0,1,0,9,84.4,6.51,45.1
2,676.0,0,2,1,2,11,419,180,0.59,0,151,3,4,1,1,1,0,1,0,0,3,1,0,0,0,16,80.7,3.58,49.5
5,1932.9,0,4,1,1,9,64,23,0.72,0,55,3,3,1,1,0,0,1,0,0,3,1,0,1,0,10,78.5,11.76,27.7
3,2691.1,1,1,0,1,5,83,22,0.73,0,167,0,1,1,0,0,0,0,0,0,1,0,0,1,0,14,60.1,9.84,24.6
4,4411.3,1,0,0,2,95,465,142,0.82,0,72,24,2,1,1,0,0,0,0,0,1,0,0,1,0,15,65.9,9.0,47.6
1,1517.5,0,1,0,2,1,79,28,0.9,0,77,0,2,1,0,0,0,1,0,0,1,0,0,0,0,15,66.5,2.11,56.6
2,335.5,0,1,0,0,3,66,12,0.72,0,183,0,3,1,0,1,0,1,0,0,2,0,0,1,0,10,52.8,4.83,12.1
0,124.4,0,0,0,0,2,43,5,0.88,0,37,0,2,1,0,0,0,1,0,0,1,0,0,1,0,20,33.5,1.02,5.2
1,1825.2,0,2,1,0,32,558,221,0.92,0,76,9,3,1,1,0,0,1,1,0,2,1,0,1,0,15,96.0,5.35,55.5
5,2519.0,0,1,1,1,19,62,24,0.56,0,72,5,2,1,0,1,0,0,0,1,1,1,0,1,0,22,100.0,9.61,44.8
0,291.8,0,2,1,1,5,6,0,0.64,0,42,1,4,1,1,0,1,1,0,0,2,1,0,1,0,7,35.6,2.9,18.2
5,1678.2,1,0,0,1,3,40,17,0.55,0,64,0,1,1,0,0,0,0,0,1,1,0,0,0,0,9,73.3,7.23,57.0
2,652.7,1,1,0,0,49,166,59,0.72,0,181,11,4,1,1,0,1,1,0,0,1,0,0,0,0,10,75.2,5.53,101.2
3,2213.0,0,3,0,0,4,35,16,0.53,0,173,0,3,1,0,0,1,1,0,0,2,0,0,0,0,6,87.4,13.85,89.1
0,66.1,0,2,1,1,2,61,18,0.7,1,40,0,4,1,1,1,0,1,0,0,1,0,1,0,1,9,72.8,5.46,210.2
0,60.9,0,3,0,2,36,672,292,0.56,0,52,7,3,1,1,0,0,1,0,0,1,0,0,1,0,9,51.6,2.85,7.1
4,358.7,0,4,1,0,22,600,237,0.54,0,71,5,4,1,1,1,0,1,0,0,2,0,1,0,0,4,92.1,15.86,167.4
2,683.8,0,1,1,0,3,875,113,0.84,0,132,0,3,1,1,1,0,0,1,0,1,1,0,1,0,1,59.6,2.3,12.7
3,2225.5,0,0,0,0,5,70,19,0.59,1,146,0,3,1,0,0,1,1,0,1,1,0,0,1,0,10,94.0,16.48,59.8
5,2614.2,1,1,0,0,26,769,327,0.75,1,59,10,3,1,1,0,0,1,0,1,2,0,0,1,0,9,66.1,13.11,37.4
4,3935.5,0,1,0,1,5,79,29,0.81,0,115,2,3,1,1,0,0,1,0,0,1,0,0,1,0,11,84.9,7.88,29.2
4,3002.7,0,3,0,0,3,57,18,0.73,0,110,0,3,1,1,1,0,0,0,1,1,0,0,1,0,15,87.1,21.42,84.0
5,2280.9,0,0,0,0,6,69,13,0.72,0,46,1,4,1,1,1,1,0,0,0,1,0,0,1,0,16,89.4,14.91,97.7
0,452.9,1,0,0,1,12,336,119,0.88,0,64,4,3,1,0,1,0,1,1,0,1,1,0,1,0,11,71.1,5.73,27.1
1,1728.1,0,0,0,0,37,952,128,0.68,0,57,13,3,1,1,1,0,0,0,0,1,0,0,1,0,8,66.6,6.2,22.7
2,630.4,0,3,0,1,4,66,23,0.59,0,153,0,3,1,1,0,1,0,0,0,1,0,0,1,0,7,74.1,4.18,27.0
1,896.6,0,1,1,0,11,89,14,0.75,0,96,4,3,1,1,0,0,1,0,0,1,0,1,0,0,4,76.3,4.84,134.1
0,467.9,0,1,0,1,38,107,19,0.74,1,44,11,4,1,1,1,1,0,1,0,2,0,0,1,0,13,76.5,5.57,34.9
1,653.4,0,3,0,2,41,622,141,0.91,0,59,17,3,1,1,1,0,0,1,0,1,0,0,1,0,9,73.1,4.85,59.6
1,189.9,0,0,0,1,2,20,4,0.89,1,67,0,2,1,0,1,0,0,0,0,2,0,0,1,0,13,61.5,4.87,28.4
4,2784.6,0,1,1,0,60,1205,382,0.82,0,101,25,3,1,1,0,1,0,0,0,1,1,0,1,0,10,100.0,15.86,92.2
3,1088.1,0,0,0,0,18,1348,329,0.67,0,244,0,2,1,0,0,1,0,0,0,1,0,0,1,0,8,86.6,11.81,33.3
5,2961.8,0,4,1,1,53,853,224,0.77,0,77,20,3,1,1,0,0,1,0,0,3,1,0,0,1,12,84.8,8.89,100.8
4,2824.7,0,0,0,0,5,39,10,0.86,0,123,0,2,1,1,0,0,0,0,0,1,0,1,0,0,10,66.9,6.49,124.8
1,1304.1,0,0,0,1,2,271,127,0.51,1,98,0,3,1,0,1,0,1,0,0,1,0,0,1,0,8,86.0,5.15,36.2
5,2381.3,0,2,1,2,5,91,29,0.77,1,49,1,4,1,1,0,1,1,0,1,2,1,0,1,1,14,100.0,21.37,147.8
0,459.7,0,3,0,0,35,782,165,0.76,0,60,11,3,1,1,0,1,0,0,0,2,0,0,1,0,23,49.1,1.86,10.6
1,78.8,0,0,0,1,5,13,2,0.9,1,73,1,4,1,1,1,0,1,0,0,1,1,0,1,0,16,65.8,6.05,40.3
0,157.6,0,0,0,2,5,5,2,0.62,0,38,0,2,1,1,0,0,0,1,0,1,0,0,1,0,15,57.4,3.99,26.6
1,944.1,0,2,1,1,15,305,106,0.65,0,73,6,5,1,1,1,1,1,0,0,1,1,0,1,1,13,88.1,8.52,106.9
2,319.9,0,1,0,0,50,186,85,0.66,0,120,13,3,1,1,0,0,1,1,0,1,0,1,0,0,8,59.2,4.46,47.5
3,1550.3,0,0,0,1,5,67,8,0.53,1,142,0,3,1,0,0,1,1,0,0,1,1,0,1,0,8,86.2,13.67,47.2
0,341.7,0,0,0,1,14,144,57,0.54,0,53,4,2,1,1,0,0,0,1,0,1,0,0,1,0,4,73.1,5.35,15.4
3,2368.9,1,0,0,0,8,715,122,0.71,0,190,1,3,1,1,0,1,0,0,0,2,0,0,1,0,10,74.0,17.07,56.7
2,57.3,0,0,0,0,4,20,6,0.76,1,117,1,3,1,1,1,0,0,0,0,2,0,0,1,0,2,50.0,3.55,12.7
2,678.2,0,1,1,1,1,31,4,0.7,0,161,0,4,1,1,1,0,1,0,0,1,1,0,0,1,9,67.4,5.13,161.8
3,307.6,0,4,1,0,4,61,27,0.89,0,184,1,4,1,1,0,1,1,1,0,1,0,0,1,0,12,100.0,11.9,75.8
2,745.0,0,1,0,0,2,319,83,0.56,1,142,0,2,1,1,0,0,0,0,0,1,0,0,1,0,13,41.4,2.92,6.7
1,1513.9,0,4,1,0,5,278,91,0.64,0,87,2,4,1,1,1,0,1,0,0,3,1,0,1,0,14,96.2,4.74,36.6
1,1352.9,0,1,0,1,14,481,173,0.74,1,77,4,3,1,1,1,0,0,0,0,1,0,0,1,0,15,89.6,7.79,20.0
3,2110.9,0,2,1,2,67,883,159,0.55,0,245,26,5,1,1,1,1,1,0,1,2,1,0,1,0,0,100.0,13.33,63.8
1,1745.9,1,0,0,1,48,185,70,0.67,0,86,10,2,1,0,1,0,0,1,0,1,0,0,1,0,13,86.7,8.49,78.1
0,65.7,0,2,1,0,3,42,10,0.71,0,50,1,4,1,1,1,0,1,0,0,2,1,0,0,1,12,53.3,4.8,149.7
1,580.3,1,0,0,0,23,1045,125,0.52,0,60,6,2,1,1,0,0,0,0,0,1,0,0,1,0,17,61.4,7.79,26.6
2,712.0,0,0,1,0,34,437,63,0.76,0,179,9,2,1,1,0,0,0,0,0,1,1,0,1,0,14,63.2,2.95,6.0
0,23.8,0,0,0,1,16,258,85,0.77,0,39,3,3,1,1,1,0,0,1,0,1,0,0,1,0,9,54.3,4.2,24.7
0,343.8,0,1,1,2,12,495,198,0.69,0,54,2,3,1,1,1,0,0,1,0,1,1,0,1,1,12,77.3,3.63,81.2
2,440.1,0,0,1,1,31,817,236,0.71,0,173,5,2,1,0,1,0,0,1,0,1,1,0,1,0,13,61.8,4.28,17.2
1,1225.0,1,0,1,0,4,93,33,0.94,1,85,1,4,1,0,1,1,1,0,0,1,1,0,0,0,6,83.7,8.28,71.4
0,29.9,0,4,1,0,2,91,22,0.82,1,48,0,4,1,1,1,0,1,1,0,1,1,0,1,0,16,61.9,5.08,16.9
5,1430.1,0,2,1,2,1,55,21,0.91,0,43,0,4,1,1,0,1,1,0,1,3,1,0,1,0,9,94.0,13.74,98.8
1,480.3,0,2,1,1,5,57,28,0.67,0,95,1,4,1,1,1,0,1,1,0,2,1,0,1,0,7,76.2,4.09,102.2
2,625.2,1,0,0,1,44,678,106,0.75,0,112,15,3,1,1,1,0,0,1,0,1,0,0,1,1,14,50.1,4.96,14.9
3,2649.4,0,3,0,0,76,117,36,0.77,0,206,23,3,1,1,1,0,0,0,1,1,0,0,1,1,13,100.0,18.93,148.7
0,476.4,0,0,0,0,6,253,103,0.68,0,54,1,2,1,1,0,0,0,1,0,1,0,0,1,0,13,54.2,5.43,12.6
4,3921.1,0,0,0,0,28,1391,572,0.61,0,95,0,1,1,0,0,0,0,0,1,1,0,1,0,0,7,90.9,28.06,166.8
2,489.1,0,2,1,1,9,678,211,0.86,0,188,2,3,1,1,0,0,1,0,0,2,1,0,1,0,4,61.3,2.81,7.3
0,235.3,0,2,1,1,4,46,7,0.75,0,55,1,4,1,1,1,0,1,0,0,3,1,0,1,0,13,46.0,4.9,19.8
4,3150.2,0,0,0,0,1,14,6,0.92,0,116,0,3,1,1,1,0,0,0,1,1,0,0,1,0,9,97.1,13.31,73.1
1,1909.1,1,2,1,2,4,749,306,0.5,0,68,1,3,1,1,0,0,1,1,0,3,1,0,1,0,12,81.3,8.18,72.1
3,1810.0,1,1,0,1,77,715,114,0.58,0,162,25,4,1,1,0,1,1,0,1,1,0,0,1,1,8,96.4,22.86,115.7
3,2377.9,0,2,1,0,42,1023,464,0.81,0,231,10,5,1,1,1,1,1,0,1,1,1,0,1,0,2,100.0,17.57,123.2
1,755.7,0,0,0,1,2,42,13,0.89,0,100,0,3,1,0,1,0,1,1,0,2,1,0,1,0,10,78.9,7.78,49.2
3,969.2,0,1,0,1,79,1158,216,0.87,0,169,34,2,1,1,0,0,0,0,1,1,0,0,1,0,10,86.9,13.44,57.7
5,1025.5,1,0,0,0,13,1171,138,0.71,0,68,5,4,1,0,1,1,1,0,0,1,1,0,1,0,20,84.8,19.79,80.6
1,173.7,0,0,0,0,20,439,104,0.9,1,78,4,3,1,1,1,0,0,0,0,1,0,0,1,0,8,80.2,6.74,23.1
3,2412.7,0,4,1,0,49,385,162,0.65,0,202,14,4,1,1,1,0,1,0,1,1,1,0,1,0,10,99.0,14.23,122.4
0,168.8,0,3,0,0,35,115,30,0.59,0,46,15,2,1,1,0,0,0,0,0,2,0,0,0,0,13,32.6,1.28,41.6
1,1534.0,0,2,1,0,5,34,4,0.87,0,93,1,4,1,1,0,1,1,1,0,2,1,1,0,0,18,74.8,7.16,107.1
2,189.8,0,4,1,0,6,678,146,0.57,1,159,1,4,1,1,0,1,1,0,0,3,0,0,1,0,13,70.3,5.19,36.9
2,382.4,0,1,0,0,13,667,146,0.7,0,125,5,3,1,1,0,0,1,0,0,1,0,0,1,0,10,54.0,3.72,9.0
0,342.3,0,2,1,0,14,170,51,0.88,1,53,5,4,1,1,1,0,1,0,0,3,1,0,0,0,12,65.7,4.19,54.2
2,546.7,0,3,0,1,47,87,21,0.59,0,133,7,2,1,1,0,0,0,0,0,2,0,0,1,0,15,30.2,3.97,8.4
2,494.2,0,0,0,1,1,82,33,0.85,0,166,0,4,1,1,1,0,1,0,0,2,0,1,0,0,10,52.2,4.0,48.3
1,1346.8,0,0,0,0,11,750,313,0.58,0,91,3,3,1,1,0,0,1,1,0,1,1,1,0,0,13,77.6,5.1,96.3
0,371.8,0,4,1,1,1,11,5,0.91,0,48,0,4,1,1,1,0,1,0,0,1,1,1,0,1,15,66.8,3.74,249.6
0,49.4,0,1,0,1,32,85,16,0.7,0,38,12,3,1,1,1,0,0,0,0,1,0,0,1,0,15,54.5,3.5,10.6
1,1541.6,0,4,1,0,1,26,10,0.6,0,90,0,4,1,1,1,0,1,1,0,2,1,0,0,0,20,92.0,7.82,234.5
0,10.4,0,2,1,0,27,217,98,0.69,0,60,7,3,1,1,0,0,1,1,0,1,1,0,1,0,12,91.2,4.13,25.2
2,12.4,0,4,1,1,46,975,329,0.8,1,189,12,3,1,1,0,0,1,1,0,1,0,0,1,0,15,61.4,3.79,7.8
5,1675.3,1,0,1,2,47,1076,390,0.87,0,52,15,5,1,1,1,1,1,0,1,2,1,0,1,0,15,82.8,16.12,118.1
1,1128.1,0,0,0,0,1,26,8,0.94,0,72,0,2,1,1,0,0,0,0,0,1,0,0,1,0,10,72.3,5.45,23.2
0,116.8,0,2,1,2,4,121,49,0.79,1,37,1,4,1,1,1,0,1,1,0,3,1,0,1,0,8,84.9,4.04,42.6
1,1614.5,1,0,0,2,24,1066,437,0.73,0,76,10,2,1,1,0,0,0,0,0,1,0,0,1,0,12,70.4,7.56,39.8
1,1227.3,1,2,1,1,41,530,229,0.89,0,99,7,3,1,1,0,0,1,1,0,1,0,0,1,0,13,69.5,7.74,50.9
3,383.2,0,2,1,0,52,1077,392,0.65,0,145,16,5,1,1,1,1,1,0,1,1,1,1,0,0,12,93.3,19.08,798.3
2,512.5,0,0,0,1,2,494,186,0.55,0,168,0,2,1,1,0,0,0,0,0,1,0,0,1,0,8,36.3,3.27,3.9
0,56.1,0,2,1,1,5,17,6,0.64,0,43,2,3,1,1,0,0,1,0,0,1,1,0,1,0,8,43.8,2.75,15.5
3,2123.3,0,0,0,0,14,642,191,0.59,0,224,5,3,1,1,0,0,1,0,1,1,0,0,1,0,8,81.4,13.74,83.6
0,320.4,0,1,1,0,12,41,14,0.58,0,56,3,2,1,0,1,0,0,0,0,1,1,0,1,0,11,86.2,3.99,23.8
2,459.3,0,1,0,2,1,53,14,0.58,0,129,0,3,1,1,0,0,1,0,0,1,0,0,1,0,11,58.2,1.98,7.7
0,191.8,0,0,0,1,40,141,45,0.65,0,41,15,4,1,1,1,0,1,1,0,1,0,0,1,0,16,75.9,3.07,15.1
2,490.9,0,4,1,0,4,56,12,0.62,1,154,0,3,1,1,0,0,1,1,0,3,0,0,1,0,4,72.2,2.11,19.1
0,493.1,0,1,0,1,2,448,149,0.54,0,48,0,3,1,1,1,0,0,0,0,1,0,0,1,0,18,66.6,2.08,22.8
4,2021.7,0,0,1,0,88,380,69,0.81,0,92,36,3,1,1,0,1,0,0,1,1,1,0,1,0,7,100.0,23.8,105.3
0,210.2,0,1,0,0,38,176,80,0.86,1,63,15,4,1,1,1,0,1,0,0,1,0,0,1,0,22,74.3,2.99,20.6
3,2291.2,0,4,1,0,7,1384,351,0.65,0,142,2,4,1,1,0,1,1,0,0,3,1,0,1,0,12,91.4,10.64,109.5
0,154.0,0,0,1,1,28,225,45,0.81,0,52,7,2,1,0,1,0,0,0,0,2,1,0,1,1,10,67.3,4.82,39.7
2,80.1,0,1,0,0,9,402,79,0.68,0,167,2,3,1,1,1,0,0,0,0,1,0,0,0,0,8,59.4,4.71,36.5
0,345.2,0,4,1,1,2,65,16,0.69,0,35,0,3,1,1,0,0,1,1,0,1,1,0,1,0,9,87.4,3.07,25.3
1,668.3,0,0,1,0,47,1046,167,0.84,0,72,14,3,1,1,0,1,0,0,0,1,1,0,1,0,15,69.0,5.88,30.3
3,477.4,0,1,0,0,1,99,19,0.64,0,219,0,1,1,0,0,0,0,1,0,1,0,0,0,0,5,52.3,7.3,43.0
1,219.2,0,0,0,1,33,846,257,0.8,0,78,10,3,1,1,1,0,0,0,0,1,0,0,1,0,9,79.5,5.6,42.4
4,3588.9,0,3,0,0,2,68,18,0.63,1,86,0,3,1,1,0,1,0,0,1,1,0,0,1,1,10,98.6,16.77,102.0
5,193.5,0,0,0,1,1,394,90,0.62,1,75,0,3,1,1,1,0,0,0,0,1,0,0,1,0,14,80.2,11.97,72.7
1,1684.7,0,2,1,2,33,394,40,0.66,0,68,14,3,1,1,0,0,1,0,0,2,1,0,1,1,16,75.3,5.09,70.9
0,249.6,0,2,1,0,34,118,29,0.66,0,41,7,3,1,1,0,0,1,0,0,1,0,0,1,0,12,54.8,2.71,9.8
1,1478.1,0,1,0,2,37,958,381,0.61,0,58,12,2,1,0,1,0,0,1,0,1,0,0,1,0,13,65.2,7.69,35.6
1,626.7,0,0,0,0,1,62,17,0.54,0,98,0,3,1,1,1,0,0,1,0,1,0,0,1,1,16,95.3,7.31,76.9
4,1695.1,0,4,1,0,3,92,12,0.78,0,76,0,4,1,1,1,0,1,0,1,2,0,0,1,0,13,100.0,13.26,96.6
2,584.1,0,1,0,0,11,670,276,0.88,0,139,2,4,1,1,1,0,1,0,0,1,1,0,1,0,12,62.1,3.59,12.4
0,179.2,0,1,1,1,4,39,12,0.78,0,42,0,2,1,1,0,0,0,0,0,1,1,0,1,1,8,42.6,2.18,24.2
3,2428.2,1,0,0,0,3,43,19,0.62,0,187,0,1,1,0,0,0,0,0,1,1,0,0,0,0,12,94.3,20.07,116.8
1,899.5,0,2,1,1,29,790,188,0.81,0,85,11,4,1,1,1,0,1,1,0,2,0,0,1,0,14,82.4,4.3,93.1
2,708.9,0,1,0,0,14,526,56,0.65,0,170,5,3,1,1,0,0,1,1,0,1,0,0,0,0,11,68.9,3.56,39.3
2,605.3,0,1,0,0,5,47,18,0.56,0,149,0,2,1,0,0,0,1,0,0,1,0,0,1,0,11,27.7,2.62,3.0
1,1677.7,0,2,1,0,58,13,5,0.55,0,67,12,4,1,1,1,0,1,1,0,3,1,0,1,0,18,86.6,5.75,48.2
0,210.7,0,1,0,0,2,50,17,0.54,0,61,0,2,1,1,0,0,0,1,0,1,0,0,1,0,12,68.0,5.13,13.0
1,941.8,0,1,0,2,8,1019,274,0.65,0,75,3,2,1,0,1,0,0,1,0,1,0,0,1,0,2,70.7,4.29,40.7
4,2694.0,0,2,1,2,5,185,74,0.65,0,108,1,4,1,1,1,0,1,0,1,3,0,1,0,1,15,100.0,19.93,772.9
1,1912.1,0,2,1,2,29,505,126,0.9,0,103,8,3,1,1,0,0,1,0,0,2,1,1,0,0,8,68.8,7.4,95.1
1,835.7,0,0,0,0,5,49,12,0.83,0,63,1,4,1,1,1,0,1,0,0,1,0,1,0,0,12,65.1,8.88,65.1
2,690.1,0,1,0,1,4,5,1,0.77,0,179,1,3,1,1,0,0,1,1,0,1,1,0,1,0,6,68.4,2.25,13.4
0,246.8,0,1,1,0,2,71,29,0.65,0,43,0,3,1,1,0,0,1,1,0,1,1,0,0,0,10,84.4,4.05,44.7
4,4193.2,1,0,0,1,7,1007,263,0.93,0,121,1,3,1,1,0,0,1,0,0,1,0,0,1,0,15,73.0,7.58,18.3
5,763.3,0,0,0,0,26,531,75,0.65,0,68,7,3,1,0,1,1,0,0,0,1,0,0,0,0,11,83.3,8.95,167.0
2,690.0,0,2,1,1,42,423,110,0.57,0,152,17,5,1,1,1,1,1,0,0,2,1,0,1,0,23,72.4,6.51,26.8
3,105.5,1,0,0,2,32,605,90,0.66,0,180,5,2,1,1,0,0,0,0,1,2,0,0,1,0,9,85.0,19.17,89.4
4,481.4,0,0,1,0,77,374,178,0.64,0,93,27,4,1,1,0,1,1,0,0,2,1,0,1,0,16,100.0,14.24,93.4
2,288.8,0,2,1,0,5,73,13,0.85,0,125,1,3,1,1,0,0,1,0,0,3,1,1,0,1,14,46.5,2.61,60.0
1,661.6,0,1,0,0,43,115,53,0.8,0,73,14,3,1,1,1,0,0,0,0,1,0,0,1,0,13,76.8,7.37,20.4
5,2975.8,0,0,0,1,2,26,3,0.78,1,73,0,2,1,0,0,0,1,0,1,2,0,0,1,0,14,52.5,8.83,12.2
5,525.6,0,1,0,0,53,659,139,0.92,1,45,20,3,1,1,1,0,0,0,1,1,0,0,1,0,14,85.5,10.26,72.0
2,773.4,0,0,0,1,35,802,368,0.89,0,128,12,3,1,1,1,0,0,1,0,2,0,0,1,0,11,73.4,2.5,11.5
2,780.1,0,2,1,0,3,754,248,0.95,0,148,0,4,1,1,1,0,1,0,0,1,1,0,1,0,9,77.2,3.63,16.2
0,347.6,0,2,1,2,37,232,27,0.9,0,46,8,3,1,1,0,0,1,1,0,3,1,1,0,0,14,71.3,4.7,84.3
4,4567.4,0,3,0,0,58,1408,170,0.75,0,92,18,2,1,1,0,0,0,0,1,1,0,0,1,0,10,97.9,14.25,52.1
1,1923.4,0,0,0,0,48,61,19,0.73,0,69,7,3,1,1,1,0,0,0,0,1,0,0,1,0,9,87.8,7.46,23.1
1,1686.4,0,3,0,2,23,260,28,0.57,1,58,9,3,1,1,1,0,0,0,0,1,0,0,1,0,16,87.3,4.35,23.6
4,2874.7,1,2,1,0,58,1868,229,0.76,1,85,24,3,1,1,0,0,1,0,1,2,1,0,1,1,18,100.0,25.25,388.1
3,1270.8,0,0,0,1,31,101,19,0.58,0,190,12,4,1,1,0,1,1,0,0,2,0,0,1,0,11,78.3,13.8,73.4
0,10.2,0,0,1,2,19,171,50,0.7,0,52,0,1,1,0,0,0,0,0,0,1,0,0,0,0,7,40.8,1.91,38.2
5,989.4,0,0,0,1,18,60,24,0.76,0,51,6,2,1,1,0,0,0,0,0,1,0,0,1,0,15,65.5,8.7,29.6
5,2774.3,0,0,0,2,24,969,112,0.79,0,74,6,4,1,1,0,1,1,0,0,1,0,0,0,0,14,82.4,11.76,155.5
3,260.0,0,2,1,0,2,29,10,0.85,1,157,0,5,1,1,1,1,1,0,1,1,1,0,1,1,8,100.0,20.6,313.5
0,343.2,1,2,1,0,1,9,3,0.89,0,50,0,3,1,1,0,0,1,0,0,2,0,0,1,0,10,46.1,3.19,19.7
0,187.4,0,3,0,1,28,568,177,0.93,0,35,0,3,1,0,0,1,1,0,0,1,0,0,1,0,14,20.7,0.77,5.5
2,734.5,1,2,1,0,31,584,180,0.72,0,151,6,3,1,1,0,0,1,0,0,2,0,0,1,0,15,37.6,4.44,22.3
3,998.2,1,0,0,2,40,703,262,0.57,1,221,14,4,1,1,1,1,0,1,1,1,0,1,0,1,14,82.6,25.3,906.0
1,306.6,0,3,0,1,5,48,10,0.74,0,65,0,5,1,1,1,1,1,0,0,1,1,0,1,0,10,75.2,7.87,32.3
4,3256.9,0,0,0,2,65,1451,202,0.79,1,91,23,3,1,1,0,1,0,0,1,2,0,1,0,0,13,88.9,20.77,605.1
1,1146.6,0,0,1,2,38,221,52,0.93,0,73,9,4,1,1,1,0,1,0,0,1,1,0,1,0,14,83.8,4.5,33.2
1,960.0,0,0,0,0,5,15,4,0.75,0,64,1,3,1,1,0,1,0,1,0,2,0,0,1,0,21,84.0,7.81,42.4
1,1431.1,0,1,0,0,56,780,190,0.55,0,92,22,2,1,1,0,0,0,1,0,1,0,0,1,0,11,70.6,4.89,35.3
4,3838.2,1,1,0,1,3,66,12,0.69,0,80,0,2,1,0,0,0,1,0,0,1,0,0,1,1,22,86.2,8.65,41.6
0,51.4,0,0,0,1,5,269,79,0.89,0,64,0,3,1,0,0,1,1,1,0,1,0,0,1,0,10,50.3,3.04,10.9
1,474.0,0,2,1,0,4,92,24,0.81,0,94,0,3,1,1,0,0,1,1,0,3,1,0,0,0,13,93.0,5.41,47.4
1,682.7,1,1,0,0,4,69,20,0.88,0,71,1,4,1,1,0,1,1,0,0,1,0,0,0,0,11,77.6,3.61,37.2
1,1903.2,0,2,1,2,5,28,11,0.81,1,78,1,4,1,1,1,0,1,1,0,3,1,1,0,0,17,75.8,5.89,196.3
1,402.5,0,0,0,0,3,10,2,0.53,1,67,0,2,1,1,0,0,0,0,0,1,0,0,1,0,8,50.9,3.29,22.4
0,478.5,0,4,1,2,3,16,2,0.6,0,36,0,4,1,1,1,0,1,0,0,2,0,0,1,0,8,69.6,3.55,36.5
0,374.0,0,0,0,1,8,406,110,0.6,0,53,1,2,1,1,0,0,0,0,0,1,0,0,1,0,11,37.4,1.56,12.2
0,46.5,0,1,0,0,1,45,15,0.8,0,45,0,3,1,1,1,0,0,1,0,1,0,0,0,0,13,67.9,4.96,41.4
3,2319.8,1,0,1,0,5,31,3,0.86,0,218,1,2,1,1,0,0,0,1,1,1,1,0,1,0,9,98.3,15.68,142.8
0,317.6,0,0,0,0,11,6,2,0.94,1,55,4,2,1,1,0,0,0,1,0,1,0,1,0,0,15,69.0,4.97,54.2
1,146.9,0,1,0,1,58,172,35,0.72,0,101,15,2,1,1,0,0,0,0,0,1,0,0,1,0,16,62.5,4.55,16.5
4,1591.2,0,0,1,1,3,1484,167,0.66,0,90,0,3,1,1,0,1,0,0,1,1,1,0,1,1,22,100.0,25.35,250.4
2,303.2,0,4,1,1,19,609,302,0.73,0,108,6,5,1,1,1,1,1,1,0,2,0,0,1,0,12,93.2,7.67,50.5
5,1194.8,0,3,1,0,3,84,39,0.94,0,77,0,3,1,1,0,0,1,0,0,1,1,1,0,1,10,91.1,11.97,465.7
0,231.6,0,1,0,0,12,373,49,0.67,0,36,2,4,1,1,1,0,1,1,0,1,1,0,1,0,10,75.5,5.77,15.2
4,2072.5,1,0,1,0,1,46,7,0.68,0,103,0,4,1,1,1,1,0,0,1,1,1,0,1,0,9,100.0,24.86,152.8
0,129.7,0,0,0,1,8,274,113,0.77,0,52,1,4,1,1,1,1,0,0,0,1,0,0,1,0,10,49.2,2.26,25.2
1,1638.4,0,3,0,2,19,139,67,0.6,1,60,7,2,1,1,0,0,0,0,0,1,0,0,1,0,10,53.3,4.55,25.0
0,351.7,0,4,1,0,25,469,65,0.8,0,50,4,4,1,1,1,0,1,0,0,2,1,0,1,0,9,56.6,2.59,35.1
1,689.8,0,0,0,1,1,480,95,0.55,0,91,0,3,1,1,0,0,1,1,0,2,1,0,1,0,13,63.7,8.0,20.6
0,18.3,0,0,0,2,5,82,21,0.65,0,37,1,3,1,1,0,0,1,0,0,2,0,0,1,0,15,41.7,1.79,6.2
2,483.6,0,0,0,2,2,59,27,0.71,0,172,0,2,1,1,0,0,0,1,0,1,0,0,0,0,16,68.0,4.85,28.1
0,60.6,0,3,0,0,3,47,20,0.69,0,41,1,3,1,1,1,0,0,1,0,1,0,0,1,0,14,69.9,4.56,33.0
5,2958.4,0,4,1,2,23,449,174,0.82,0,64,7,3,1,1,0,0,1,0,0,1,1,0,1,1,8,94.7,14.11,102.4
1,1633.0,0,0,0,0,1,35,7,0.59,1,92,0,3,1,1,1,0,0,0,0,2,0,0,1,0,12,71.7,7.67,47.8
0,244.1,0,2,1,0,24,773,158,0.64,0,52,8,4,1,1,0,1,1,0,0,2,1,0,1,0,11,38.0,1.9,10.0
3,1838.0,1,2,1,1,1,47,5,0.92,0,146,0,3,1,1,0,0,1,1,1,2,1,0,0,0,12,88.1,13.76,443.2
0,396.0,0,1,0,0,25,591,206,0.84,0,61,9,3,1,1,0,1,0,0,0,1,0,0,1,0,9,42.1,2.12,4.4
5,462.1,0,4,1,0,50,1096,349,0.9,1,49,8,4,1,1,1,0,1,0,1,2,0,0,1,1,8,100.0,13.07,98.9
1,515.5,0,4,1,0,5,98,18,0.58,0,93,1,4,1,1,1,0,1,0,0,2,1,0,1,0,7,90.9,7.54,41.8
5,1791.2,0,1,0,1,2,100,35,0.85,0,57,0,3,1,1,1,0,0,0,0,2,0,0,1,0,13,63.5,13.78,37.8
0,264.7,0,0,0,2,4,72,20,0.77,1,45,0,3,1,1,1,0,0,0,0,1,0,0,0,0,16,65.0,2.46,25.6
2,27.8,0,3,0,0,39,855,208,0.72,0,173,6,4,1,1,1,0,1,0,0,2,0,0,1,0,9,68.6,4.89,8.8
2,543.6,0,1,1,0,2,31,5,0.86,0,137,0,2,1,0,0,1,0,1,0,2,0,0,1,0,15,69.9,7.82,51.3
1,1047.0,1,0,0,0,59,605,192,0.57,1,62,0,2,1,0,0,0,1,0,0,1,1,0,1,0,9,53.5,2.69,7.2
2,397.1,0,2,1,1,6,38,11,0.78,0,174,2,4,1,1,1,0,1,1,0,2,1,0,1,1,15,90.2,2.68,20.6
0,375.5,0,1,1,2,37,149,65,0.75,0,38,10,2,1,1,0,0,0,0,0,1,0,0,1,1,7,42.7,2.08,43.4
4,107.0,0,0,0,1,13,684,267,0.54,0,78,5,4,1,0,1,1,1,0,1,1,1,0,1,0,14,83.1,21.96,45.4
1,85.4,0,0,0,1,2,94,15,0.8,0,100,0,2,1,1,0,0,0,0,0,1,0,0,1,0,10,55.8,5.51,18.0
0,477.8,0,0,0,0,3,25,10,0.64,0,60,0,2,1,1,0,0,0,0,0,1,0,1,0,0,17,46.6,2.91,15.3
0,185.8,0,1,0,0,12,628,311,0.6,0,44,0,1,1,0,0,0,0,1,0,1,0,0,1,0,17,58.9,5.08,19.5
0,227.0,0,4,1,0,10,457,205,0.65,0,38,4,4,1,1,0,1,1,0,0,3,0,0,1,0,12,54.2,1.0,18.0
4,4010.2,1,2,1,1,35,949,259,0.84,1,100,11,4,1,1,0,1,1,0,1,2,1,0,1,1,8,100.0,29.73,302.7
4,4243.6,1,0,0,0,87,732,331,0.57,0,108,37,3,1,1,0,1,0,1,0,1,0,0,1,0,10,86.8,24.78,73.3
5,1248.2,1,2,1,1,53,618,255,0.64,0,65,11,4,1,1,0,1,1,0,1,3,1,0,1,0,4,88.5,19.53,141.8
1,502.9,0,1,0,0,34,684,329,0.79,0,91,9,3,1,1,0,1,0,0,0,1,0,0,1,0,17,73.5,4.82,26.9
1,1847.8,0,0,0,2,14,126,62,0.79,1,88,4,2,1,1,0,0,0,0,0,1,0,0,1,0,11,52.8,5.87,26.1
1,1040.3,1,4,1,1,5,47,17,0.52,1,60,2,4,1,1,1,0,1,0,0,1,1,0,1,0,15,97.3,5.22,82.0
1,1265.0,1,1,1,2,21,763,181,0.7,0,99,4,5,1,1,1,1,1,1,0,1,1,0,0,0,15,72.9,5.75,133.6
5,2321.3,1,2,1,1,11,316,146,0.74,0,67,1,3,1,1,0,0,1,0,1,1,0,0,1,0,15,85.4,15.49,68.1
1,699.0,1,0,0,0,4,548,203,0.68,1,64,1,2,1,1,0,0,0,0,0,1,0,0,0,0,11,67.0,4.58,102.1
3,534.0,0,1,0,1,1,31,10,0.59,0,143,0,5,1,1,1,1,1,0,1,2,1,0,0,0,14,84.5,13.49,96.9
2,606.4,0,0,0,0,11,182,85,0.52,1,155,4,2,1,1,0,0,0,1,0,1,0,0,0,0,11,64.6,3.53,22.8
0,272.4,0,4,1,1,27,595,191,0.91,0,56,7,4,1,1,1,0,1,0,0,3,0,0,1,1,11,56.7,4.12,71.1
2,761.1,0,3,0,1,1,457,46,0.81,0,142,0,3,1,1,1,0,0,0,0,2,0,0,1,0,9,56.0,3.44,18.0
1,934.8,0,0,0,0,25,536,79,0.51,0,97,4,3,1,1,1,0,0,1,0,1,0,0,1,1,4,80.0,6.91,72.6
5,1959.7,0,0,0,1,9,1150,429,0.61,0,66,0,1,1,0,0,0,0,0,1,1,0,0,0,0,12,62.0,4.5,21.5
0,282.5,0,2,1,1,7,746,357,0.71,0,43,1,3,1,1,0,0,1,0,0,2,1,0,1,1,14,59.9,3.38,31.2
5,1049.8,1,2,1,0,10,722,264,0.75,1,69,3,3,1,1,0,0,1,0,1,1,1,0,1,1,5,93.0,15.82,56.8
4,4691.6,0,0,0,0,95,538,197,0.57,0,94,17,2,1,0,1,0,0,0,1,1,0,0,1,0,13,83.8,21.34,61.8
